Date,BNDX,EMB,MUB,VAW,VEA,VHT,VWO,EFA,EEM,VGIT
12/31/2013,42.55228806,35.81639862,54.01182175,76.06695557,86.63806152,90.7498703,33.30716324,54.61009216,91.73822021,33.5276413
1/2/2014,42.56945419,34.43687439,53.05393982,76.08100128,86.91362762,90.05549622,32.74778366,54.74958801,91.26638031,32.35408401
1/3/2014,42.53515625,34.3768959,53.1102829,76.15132141,86.92195892,89.9500351,32.75577164,54.74958801,91.47507477,32.3133316
1/6/2014,42.63804245,34.0512886,53.04589462,76.4537735,86.97209167,89.39632416,32.69184494,54.8106041,91.1030426,32.00365067
1/7/2014,42.74097443,34.19695663,53.34371567,76.55220032,87.12242126,89.36114502,32.88362885,54.89778519,92.164711,32.13404465
1/8/2014,42.63804245,34.08556366,53.32762146,76.13024902,87.1892395,89.71272278,32.87563705,54.67111969,93.06303406,32.07699203
1/9/2014,42.67237854,33.9056282,53.28737259,76.18650818,87.52331543,89.5193634,32.83568954,54.72344589,93.89787292,31.87326813
1/10/2014,42.78385925,34.5054245,53.77837753,76.51000977,88.0828476,89.90608978,33.13135529,55.05471802,94.49671936,32.49263
1/13/2014,42.8181572,34.09413528,53.31152725,76.57326508,88.10787201,88.69315338,32.85166168,55.12446594,93.75267029,32.08514786
1/14/2014,42.80099869,34.46258163,53.73813629,76.64363861,88.17470551,89.81819153,33.09939957,54.98496246,95.01394653,32.44374084
1/15/2014,42.78385925,34.45401382,53.96352386,76.65766907,88.15802765,90.45103455,33.25920105,54.95010376,95.02301788,32.43558884
1/16/2014,42.89533234,34.2654953,53.93938446,76.72801971,88.33343506,90.51255035,33.20326996,55.0198555,95.30432129,32.25629425
1/17/2014,42.92962646,34.09413528,53.77837753,76.77022552,88.51712036,90.24887085,33.12335587,55.09830475,95.26802063,32.14219284
1/21/2014,42.93821716,34.04271698,54.03596878,76.60844421,88.400177,90.63560486,33.25920105,55.07213593,95.85783386,32.04440308
1/22/2014,42.86963272,34.49684525,54.03596878,76.37636566,88.30833435,90.04671478,33.29117584,54.92393875,95.89413452,32.45187378
1/23/2014,42.97252655,33.64856339,53.67374039,76.05286407,88.60063171,88.87775421,33.04345322,55.1680603,95.30432129,31.71026802
1/24/2014,43.0582695,32.7660141,52.20069504,75.63795471,88.75094604,86.34640503,32.13245773,55.2988205,93.02675629,30.93605423
1/27/2014,42.98967743,32.63749313,51.95920944,75.55352783,88.55888367,85.94210052,31.98062897,55.22035217,92.09211731,30.73230743
1/28/2014,43.02397156,32.84312439,52.4099884,75.9755249,88.65071106,86.45186615,32.30028152,55.27267456,93.37154388,30.93605423
1/29/2014,43.06684494,32.37185669,51.82237244,75.77856445,88.61734009,86.80345917,31.91670418,55.4557457,92.59118652,30.39002419
1/30/2014,43.10114288,32.67175674,52.08800888,75.63091278,88.77603149,87.21652985,32.08451843,55.40345383,94.23357391,30.70785904
1/31/2014,43.1611824,32.7231636,51.20256042,75.44804382,88.85952759,86.8122406,31.57308006,55.54293442,93.45322418,30.69972038
2/3/2014,43.22043228,31.79776764,50.15613174,75.32872772,88.95995331,84.51824951,30.96574783,55.74282074,91.31174469,29.88475418
2/4/2014,43.17749023,32.44041061,50.73569489,75.83003235,88.66695404,85.33562469,31.28539848,55.62932587,92.21916199,30.57746315
2/5/2014,43.17749023,32.32044601,50.84033203,76.0559082,88.57485199,85.36199188,31.31735992,55.52458954,91.68377686,30.47151375
2/6/2014,43.11740112,32.99736023,51.74187469,76.20424652,88.65859222,86.65401459,31.93267822,55.48095703,92.05581665,31.07460594
2/7/2014,43.18608093,33.18586349,52.41802979,76.67727661,88.85951996,87.84059143,32.28429031,55.57696533,93.77989197,31.19683456
2/10/2014,43.12598419,32.81742096,52.24094772,76.55020142,88.94324493,88.13941193,32.14044189,55.59442139,94.7598877,30.84640503
2/11/2014,43.15174103,33.52861404,53.07003403,76.59960938,89.04370117,89.29083252,32.66786575,55.44605255,95.91229248,31.49837685
2/12/2014,43.08304214,33.53718185,53.15858841,76.59255219,88.90975952,89.29962158,32.74778366,55.32382965,95.9576416,31.44947243
2/13/2014,43.20324326,33.57144928,53.31956482,76.58550262,88.90142822,90.23130035,32.80372238,55.52458954,96.80152893,31.48207283
2/14/2014,43.15174103,33.98274612,53.52080154,76.62784576,88.80094147,90.85536194,32.94755554,55.50714111,97.00115204,31.86510086
2/18/2014,43.20324326,33.66570282,53.97962189,76.6349411,88.69207764,91.0311203,33.21926117,55.61188507,98.05374146,31.59616852
2/19/2014,43.20324326,33.4343605,53.61739731,76.52902222,88.84276581,90.28401947,32.96353912,55.55077362,97.37319183,31.45762253
2/20/2014,43.01437378,33.55431366,53.8025322,76.42308807,88.84276581,91.13661194,33.08340836,55.45476913,98.39855957,31.62062645
2/21/2014,43.16032791,33.78565979,53.90717697,76.7620163,88.92654419,91.03992462,33.16331863,55.52458954,98.41670227,31.8406601
2/24/2014,43.16890717,33.78565979,54.37405777,77.2138443,89.02700806,90.57408905,33.44301605,55.48969269,99.11540985,31.80806351
2/25/2014,43.26333618,33.40008163,54.2452507,77.28448486,89.20281982,90.87290192,33.37907791,55.60315323,98.98836517,31.40872765
2/26/2014,43.3234787,33.42578888,54.06012344,77.27741241,89.32003021,91.69032288,33.27519608,55.68173218,98.98836517,31.32723618
2/27/2014,43.41790771,34.05986023,54.2452507,77.6374588,89.57958984,92.30555725,33.4110527,55.72535706,99.47836304,31.94661522
2/28/2014,43.36637115,33.82850647,54.34184647,78.04705048,89.78887939,92.66593933,33.45100021,55.70790482,99.00650787,31.69397354
3/3/2014,43.48671722,33.22871017,53.19077682,77.34600067,89.92402649,92.39345551,32.77175903,55.7961731,98.40764618,31.13978958
3/4/2014,43.40077972,33.79423141,54.2452507,77.85635376,89.79814148,93.86129761,33.41903305,55.61262894,100.3494492,31.65321732
3/5/2014,43.40937042,33.81993103,54.19696426,77.94138336,89.63025665,94.01948547,33.34711838,55.60390091,100.1317062,31.7510128
3/6/2014,43.3577919,34.29977417,54.76042175,77.78546906,89.52113342,94.40622711,33.72269058,55.49902344,99.32408142,32.19108963
3/7/2014,43.31479645,33.86278534,54.46260071,77.65080261,89.07624817,94.17771912,33.54689407,55.32424164,99.05187225,31.74286842
3/10/2014,43.34060669,33.63142776,54.1245079,77.49485016,89.26094055,93.91402435,33.32315063,55.38539505,99.32408142,31.55541801
3/11/2014,43.3577919,33.25441742,53.73009491,77.34600067,89.34487152,92.99990845,33.09140396,55.42036819,99.07001495,31.18868446
3/12/2014,43.41794586,33.32296371,53.52885437,77.36021423,89.58828735,92.94718933,32.94755554,55.49030304,99.12446594,31.31093407
3/13/2014,43.4351387,32.7231636,52.53072739,77.21133423,89.78134918,92.12099457,32.36420059,55.70877457,97.73614502,30.77305031
3/14/2014,43.45233536,32.9031105,52.41802979,77.37432098,89.81494141,92.25281525,32.28429031,55.66506958,97.29153442,30.9767952
3/17/2014,43.45233536,33.30582809,53.07809067,77.45942688,89.99959564,92.92960358,32.67586517,55.56020737,98.09003448,31.31093407
3/18/2014,43.46954727,33.7685318,53.40811539,77.68624115,89.93244171,93.6151886,32.88362885,55.64759064,99.43299866,31.79175758
3/19/2014,43.3577919,33.0487709,52.75610733,77.61534882,89.52950287,92.80656433,32.47608185,55.23682022,99.07912445,31.1642437
3/20/2014,43.34060669,33.19443893,52.55487442,77.56575012,89.52113342,93.21089172,32.34822845,55.21932983,98.98836517,31.31093407
3/21/2014,43.40937042,33.40008163,52.45023346,77.45942688,89.58828735,93.60639191,32.29229355,55.27178574,97.12820435,31.49837685
3/24/2014,43.44375229,33.7256813,52.58706665,77.74294281,89.49594116,92.7538147,32.34822845,55.21932983,95.65820313,31.7754612
3/25/2014,43.45233536,34.11126328,53.15858841,77.9484787,89.37844086,93.30756378,32.71894455,55.24556351,96.31153107,32.26985168
3/26/2014,43.49533081,34.18838501,53.15052795,78.17529297,89.67222595,91.82215881,32.72702026,55.39414215,96.20264435,32.27801514
3/27/2014,43.538311,34.63395309,53.41615295,78.71400452,89.85691071,91.64635468,32.91278458,55.35918808,96.09376526,32.65391541
3/28/2014,43.49533081,34.90814209,53.81863022,78.6714859,89.81494141,92.20890045,33.14702225,55.29798889,95.54930878,32.91540909
3/31/2014,43.50392532,35.13948822,54.09231567,78.97625732,89.86526489,93.43939209,33.33277893,55.32424164,97.01931763,33.16055298
4/1/2014,43.47379303,35.55077744,54.43843842,79.42810822,89.68605804,94.10736084,33.57508087,55.27957916,97.78151703,33.47925568
4/2/2014,43.42214966,35.61932755,54.54308319,79.00829315,89.60193634,94.7665863,33.63161087,55.12211609,98.1807785,33.60184097
4/3/2014,43.48239136,35.48223495,54.39014816,78.93003845,89.71128845,94.81934357,33.51855087,55.13961029,97.60004425,33.40571976
4/4/2014,43.55127335,35.3879776,54.22110748,79.40673065,90.00576782,93.65914154,33.42969894,55.34085464,95.89413452,33.34849548
4/7/2014,43.59429932,35.54221344,53.96352386,79.21461487,90.15723419,92.10341644,33.27624512,55.44583893,94.77803802,33.52829361
4/8/2014,43.55985641,35.95349884,53.93133545,79.58465576,90.18250275,92.57804871,33.25200653,55.48958588,94.2698822,33.83880234
4/9/2014,43.55127335,36.22769165,54.6235733,79.64157867,90.04788971,93.84371185,33.71238708,55.54208755,96.33875275,34.10847092
4/10/2014,43.63731384,35.84210968,53.65765381,80.01863861,90.42651367,92.03311157,33.10663223,55.70832443,93.04489136,33.78160477
4/11/2014,43.6975708,35.84210968,53.33566666,79.89060974,90.70418549,90.85536194,32.92086411,55.76080704,91.88339996,33.7652626
4/14/2014,43.62871933,35.76499939,53.6415596,79.73403931,90.61160278,91.53211975,33.10663223,55.69082642,92.21916199,33.71623611
4/15/2014,43.74062347,35.22517395,53.41615295,79.4565506,90.72098541,91.98035431,32.94509125,55.66457367,93.10840607,33.21775055
4/16/2014,43.6975708,35.67074203,54.07621384,79.68424225,90.68734741,93.27237701,33.38123322,55.57709503,93.72543335,33.56097031
4/17/2014,43.62871933,35.99634552,54.3579483,79.76963806,90.47696686,93.52729797,33.502388,55.35834503,93.73451996,33.96137238
4/21/2014,43.66315079,35.7735672,54.43040085,79.91197205,90.62843323,93.65033722,33.558918,55.40208435,94.90505981,33.74074936
4/22/2014,43.66315079,35.67930222,54.65578842,79.83365631,90.65364838,94.05465698,33.69623566,55.38460922,95.96672821,33.6263504
4/23/2014,43.67175293,35.42225266,54.52698898,79.73403931,90.72098541,93.93160248,33.60739136,55.4720993,95.45858765,33.44657516
4/24/2014,43.67175293,35.45652771,54.51893997,79.65577698,90.8303833,93.50973511,33.59931946,55.45458221,95.27707672,33.44657516
4/25/2014,43.72340775,34.97668839,54.25331116,79.37117004,90.96500397,92.78022003,33.4377861,55.52458954,94.46043396,33.0625
4/28/2014,43.68035889,35.14805222,54.42234039,79.39962006,90.93976593,92.28799438,33.53469849,55.51582718,94.85967255,33.16055298
4/29/2014,43.6975708,35.48223495,54.77652359,79.71273041,90.86402893,92.96479797,33.75276566,55.4720993,95.5220871,33.47925568
4/30/2014,43.76643753,35.41368484,54.99385452,79.81233215,90.98182678,93.58882141,33.8577652,55.63833237,95.72171021,33.45473099
5/1/2014,43.79919815,35.45652771,55.14679718,79.79447937,91.13365173,93.18450165,33.97084808,55.63920593,95.90320587,33.47925568
5/2/2014,43.80780411,35.6536026,55.05825043,79.98015594,91.04930878,93.64155579,33.92238617,55.67425156,95.23171997,33.69989395
5/5/2014,43.79056931,35.45652771,55.01800156,80.00874329,91.09146118,93.94038391,33.88198853,55.65672684,95.8215332,33.55279922
5/6/2014,43.81641769,35.61932755,54.92140961,80.26583099,91.20111847,93.42182159,33.83352661,55.70930862,94.89596558,33.68355179
5/7/2014,43.81641769,35.80783081,54.98581314,80.90859985,91.21801758,94.14254761,33.86584091,55.74435043,95.03209686,33.89601135
5/8/2014,43.87675095,35.72214508,54.99385452,81.25138855,91.42884827,93.60639191,33.8577652,55.84945679,94.40598297,33.80611801
5/9/2014,43.85089111,35.66217041,54.91335678,81.09427643,91.47104645,93.6239624,33.80931091,55.84070587,95.05021667,33.78160477
5/12/2014,43.83365631,36.26196671,55.2755928,81.02288818,91.46259308,95.07418823,34.06777191,55.73556137,96.28430176,34.32910156
5/13/2014,43.954319,36.39906311,55.35607147,81.05141449,91.513237,94.95993805,34.11623383,55.84070587,96.28430176,34.47618484
5/14/2014,43.98876953,36.6561203,55.25143433,81.46564484,91.77467346,94.84570313,34.06777191,55.99839401,96.33875275,34.70500565
5/15/2014,44.06635666,36.3133812,55.00993729,81.40139008,92.04463196,93.43939209,33.91430283,56.11228943,95.4041214,34.39447403
5/16/2014,43.98876953,36.79321289,55.13069534,81.32280731,91.91804504,93.76459503,33.97084808,56.06850052,95.69451141,34.8194046
5/19/2014,43.99739838,36.79321289,55.01800156,81.47990417,91.87589264,94.34468842,33.91430283,56.06850052,96.41133881,34.83575439
5/20/2014,43.954319,36.49331284,54.67186737,81.508461,91.91804504,93.65033722,33.68815231,56.15607452,95.70357513,34.54156494
5/21/2014,43.93709183,36.77607346,55.09850311,81.45132446,91.80843353,94.13375854,33.96276093,56.10351563,96.41133881,34.78672409
5/22/2014,43.91982269,37.03313446,55.17094421,81.5941925,91.8421402,94.33589935,34.04353333,56.05096817,97.01931763,35.0563736
5/23/2014,43.93709183,36.96458054,55.31584549,81.62991333,91.87589264,95.18847656,34.12430191,56.12105179,97.21891785,35.0563736
5/27/2014,44.02325058,36.64754486,55.71024704,81.73703003,91.89273834,95.22363281,34.33429718,56.14733124,97.91764069,34.7703743
5/28/2014,44.28180695,36.861763,55.52513123,82.15839386,92.06145477,95.17089844,34.22930527,56.27873611,97.69081116,34.90111923
5/29/2014,44.11806488,36.96458054,55.86319733,82.50835419,92.09516144,96.1289444,34.45544434,56.26121521,98.30781555,34.94198227
5/30/2014,44.09220886,36.4590416,55.87125015,82.57972717,92.00241089,95.97951508,34.45544434,56.21741486,98.45300293,34.49253464
6/2/2014,44.08358383,36.57043457,55.98394394,82.59408569,91.82656097,96.33107758,34.51198578,56.04285812,98.55281067,34.66414642
6/3/2014,44.03182983,36.77607346,55.8470993,81.99204254,91.64057922,96.0849762,34.43929672,55.87617874,98.79782104,34.86026001
6/4/2014,43.94552612,36.57043457,55.83099747,81.94190216,91.48842621,96.33107758,34.45544434,55.90248871,99.11540985,34.66414642
6/5/2014,44.08358383,36.95601654,56.21736145,82.14971924,91.61523438,96.92876434,34.68967819,55.96390152,99.47836304,35.0563736
6/6/2014,44.1784935,37.32447052,56.52326202,82.82341003,91.58984375,97.53523254,34.86736298,55.90248871,99.50558472,35.43228149
6/9/2014,44.1698761,37.46155548,56.46689987,82.7875824,91.50532532,97.25395203,34.82698822,55.84986115,99.26059723,35.65290833
6/10/2014,44.14399719,37.65863037,56.34616089,82.47938538,91.25173187,97.39459229,34.76236343,55.77092361,99.46931458,35.79182053
6/11/2014,44.10086441,37.53010559,56.06443024,82.19988251,91.33621216,96.95510101,34.60083008,55.82353973,99.42391968,35.66926575
6/12/2014,44.16122818,37.35017395,56.08052826,82.10671997,91.4461441,96.09378052,34.60890198,55.94636536,98.9066925,35.50582123
6/13/2014,44.1784935,37.36730576,56.12078476,82.27870941,91.30240631,96.51565552,34.60083008,55.8849678,98.83409882,35.63656616
6/16/2014,44.16122818,37.1959343,56.13687134,81.80568695,91.24324799,96.38383484,34.62505722,55.83234406,99.10632324,35.40776062
6/17/2014,44.12673569,37.20449829,56.09663391,81.5405426,91.22634125,96.72661591,34.58467865,55.70074844,99.17891693,35.43228149
6/18/2014,44.1698761,37.61579132,56.57959747,82.14253998,91.51378632,97.66707611,34.88351822,55.85865402,99.93205261,35.84085846
6/19/2014,44.24752808,37.40158081,56.88547897,81.99924469,91.42076874,97.58797455,35.05313873,55.84986115,100.2314911,35.62023163
6/20/2014,44.16122818,37.32447052,56.78887939,82.14253998,91.33621216,98.12412262,34.98043823,55.85865402,101.1661301,35.63656616
6/23/2014,44.23026276,37.2473526,56.63594055,82.32888794,91.4630661,98.23838806,34.8915863,55.83234406,100.7668915,35.47313309
6/24/2014,44.25614929,37.23021698,56.28176117,82.64427185,91.42922974,97.2979126,34.68970108,55.92882538,100.6761322,35.42197418
6/25/2014,44.33379745,37.30880356,56.26198196,82.83776855,91.8012085,98.05379486,34.72238922,55.98145294,101.6651917,35.57049179
6/26/2014,44.36830521,37.35198593,56.30321121,82.81625366,91.97025299,97.87800598,34.70605469,56.02531815,101.6379852,35.55399704
6/27/2014,44.34243011,37.43833923,56.33620071,82.82341003,91.88571167,97.8604126,34.77143478,56.10425568,101.5472412,35.64476013
6/30/2014,44.35968018,37.33470917,56.38568878,82.61557007,91.8519516,98.229599,34.81231308,56.13935852,101.2931595,35.58701324
7/1/2014,44.33291626,37.68878555,56.88050842,82.52997589,91.83410645,98.60751343,35.12291336,56.03833008,102.6542664,35.90879059
7/2/2014,44.28971481,37.91333389,56.97123337,82.40054321,91.42742157,98.60751343,35.16379547,55.8626442,103.2713013,36.12332535
7/3/2014,44.2638092,38.13787842,57.086689,82.34299469,91.45285034,99.36340332,35.22099686,55.80995941,103.5798035,36.31309509
7/7/2014,44.33291626,38.11197662,56.64133835,82.47245789,91.38500214,98.38779449,34.95124817,55.81874847,102.6451721,36.38734436
7/8/2014,44.38471985,37.93924713,56.04754257,83.00468445,91.52059937,98.07137299,34.59979248,55.90658569,101.4837265,36.23058701
7/9/2014,44.37609863,38.15515137,56.22898865,83.27074432,91.54601288,98.37020111,34.73057556,56.00320816,101.8920441,36.44511032
7/10/2014,44.41928482,37.94787598,55.61045074,83.02622223,91.66464233,97.73739624,34.3218689,56.08226395,101.8285294,36.22234344
7/11/2014,44.45386505,37.90470123,55.64344788,83.10536957,91.63076019,97.92198181,34.36274338,56.12617111,102.0100174,36.28834534
7/14/2014,44.42792511,38.19833374,56.05578613,82.93994904,91.55451202,97.9746933,34.60796356,56.03833008,102.3820419,36.56888199
7/15/2014,44.44521713,38.17243195,55.91559601,82.84645844,91.68162537,97.72859192,34.50170135,56.00320816,101.3566742,36.51937485
7/16/2014,44.4797554,38.26743698,56.26198196,82.78172302,91.90195465,98.25595093,34.75509262,56.00320816,101.0844498,36.63489532
7/17/2014,44.56614685,37.55062103,55.544487,82.60192871,92.06292725,97.67586517,34.29735184,56.2052269,99.89576721,35.93354416
7/18/2014,44.55751801,38.13787842,55.98156357,82.89682007,92.04594421,98.45809937,34.58344269,56.09981918,101.5744705,36.49462891
7/21/2014,44.5748024,38.26743698,55.77538681,83.08381653,92.16461182,98.07137299,34.4444809,56.09101486,101.1933594,36.62663651
7/22/2014,44.5834198,38.62151718,56.02280426,83.21325684,92.25776672,98.32627106,34.62430954,56.12617111,102.0826111,37.00617981
7/23/2014,44.61798096,38.65605545,56.13827133,83.65194702,92.39337921,98.58995056,34.69787216,56.13496399,103.0988922,37.01444626
7/24/2014,44.56614685,38.82878494,56.27022171,83.52973175,92.24084473,98.56356812,34.75509262,56.01198959,102.8266754,37.19596481
7/25/2014,44.64388275,38.6733284,56.0392952,83.41467285,92.4188385,98.70420837,34.63248444,56.11738205,102.4455566,37.04745483
7/28/2014,44.61798096,38.94106674,56.04754257,83.11974335,92.45269012,98.87998962,34.64883041,56.0295372,102.3911133,37.24547958
7/29/2014,44.68709183,38.7078743,55.93209839,83.02622223,92.52046967,98.17684937,34.61614227,56.1085968,102.6814804,36.9071846
7/30/2014,44.60070038,38.5178833,55.849617,82.99028015,92.14763641,97.79010773,34.58344269,55.8626442,103.1896439,36.71741867
7/31/2014,44.5834198,37.84424973,54.91768265,82.40769958,92.26625824,95.78614807,33.98674393,55.8626442,101.0209427,36.07381058
8/1/2014,44.6396637,38.05152512,54.53832245,81.79424286,92.60005951,95.86524963,33.79874802,56.17223358,100.9755707,36.28834534
8/4/2014,44.66560745,38.40560913,54.79397964,82.02519989,92.29428864,96.95510101,33.91320038,56.18984222,101.5018768,36.70090485
8/5/2014,44.63100052,37.81834793,54.09296799,81.9241333,92.22635651,96.04103851,33.49632645,56.14585114,100.6942825,36.14807129
8/6/2014,44.6396637,37.55925369,53.96102142,81.82312775,92.50663757,96.62994385,33.42276764,56.20741272,100.5944519,35.89229202
8/7/2014,44.69156647,37.41244125,53.52392578,81.67875671,92.62553406,95.89162445,33.14485168,56.35693741,99.48744202,35.72727585
8/8/2014,44.75213242,37.74925232,53.83731461,81.967453,92.70193481,96.89361572,33.35736847,56.31295013,100.5944519,36.12332535
8/11/2014,44.73483658,38.23288727,54.04349518,82.13348389,92.64251709,96.90241241,33.43909836,56.32175446,100.6852036,36.64315033
8/12/2014,44.73483658,38.27606583,54.00225449,82.24173737,92.71050262,97.04302216,33.43909836,56.30414581,100.5309448,36.65138626
8/13/2014,44.80403137,38.48334122,54.30739594,82.45822906,92.74443054,97.58797455,33.66797638,56.40090561,101.7649994,36.80816269
8/14/2014,44.86458969,38.54378891,54.59604263,82.90570068,92.82085419,97.69343567,33.82327652,56.46247482,102.9174042,36.83290863
8/15/2014,44.8559494,38.44015503,54.53832245,83.02840424,92.94824219,97.8604126,33.80693436,56.55920029,102.9537277,36.78341293
8/18/2014,44.8559494,38.81151199,54.89294815,83.03562927,92.99073792,98.90634918,33.99492645,56.46247482,103.8066635,37.16296387
8/19/2014,44.89053345,38.99287796,55.02490997,83.27380371,92.76138306,99.25793457,34.07666016,56.43609238,104.5144424,37.37749481
8/20/2014,44.89918518,38.91514969,54.8517189,82.87682343,92.89730072,99.31947327,33.96221924,56.2865715,104.4599915,37.3197403
8/21/2014,44.91646576,38.75105667,55.08263016,82.99953461,93.02468872,99.21398163,34.09300995,56.33934021,104.4509201,37.28673172
8/22/2014,44.96841049,38.64742279,54.8187294,82.9923172,93.0331955,98.89758301,33.94587326,56.29537582,104.5870285,37.12170792
8/25/2014,45.04626846,38.93242264,55.17335129,82.9634552,93.06715393,99.24034119,34.17474747,56.31295013,105.5035095,37.43524933
8/26/2014,45.08086395,39.16560364,55.18159866,83.19442749,93.15209961,99.50403595,34.16657257,56.29537582,106.0842361,37.64151764
8/27/2014,45.18468475,39.36424255,55.28881454,83.72127533,93.25402832,99.49526215,34.26465988,56.35693741,106.0388794,37.8312912
8/28/2014,45.20196915,38.9756012,55.04138947,83.51199341,93.33892059,99.4776535,34.10118866,56.47126007,105.8301697,37.48475647
8/29/2014,45.19333649,38.91514969,55.01665497,83.45424652,93.43238068,99.77651215,34.07666016,56.49765015,106.3201599,37.45999527
9/2/2014,45.05820465,38.85468674,55.12386322,83.07797241,93.22978973,99.4601059,34.10936356,56.28542328,106.3201599,37.5342598
9/3/2014,45.04955292,39.36424255,55.51148224,83.22996521,93.17870331,99.7413559,34.33004761,56.2942543,106.6468277,38.16134644
9/4/2014,45.04089355,39.26060486,55.24757767,83.21549225,93.0680542,99.57437134,34.18292618,56.22380066,105.9935074,37.99632263
9/5/2014,45.14483261,39.59740829,55.25582504,83.51212311,93.13612366,99.97866058,34.17474747,56.23259354,106.5107346,38.35937119
9/8/2014,45.09287643,39.13106155,54.67027664,82.97665405,93.13612366,99.48646545,33.8314476,56.18855667,106.7738571,37.91381836
9/9/2014,44.99757004,38.64742279,54.51357269,82.72345734,93.05101013,98.64268494,33.70066452,56.10051727,106.3201599,37.45175171
9/10/2014,44.98027039,38.48334122,54.82697296,82.70174408,92.8892746,98.73058319,33.89684296,56.01247025,107.1822128,37.28673172
9/11/2014,44.93694305,38.22424698,54.52182388,82.70896149,92.94881439,98.844841,33.70884323,55.98604202,106.9916382,37.02269745
9/12/2014,44.86764145,37.81834793,54.44760513,82.25311279,92.76153564,98.19444275,33.64344406,55.88917923,106.1840515,36.51937485
9/15/2014,44.84166718,37.62834167,54.33214569,82.07950592,92.90628052,98.25595093,33.59440231,55.9596138,105.657753,36.36260986
9/16/2014,44.91096497,38.12060165,54.5630722,82.18077087,92.82968903,98.79209137,33.73336029,55.98604202,107.0097809,36.8246727
9/17/2014,44.91962433,37.76652527,54.17544556,81.96369934,92.8892746,99.25793457,33.48814392,55.87157822,107.1912766,36.46986771
9/18/2014,44.90230179,37.81834793,54.59604263,81.99267578,92.99139404,99.77651215,33.7170105,55.8275528,107.9988327,36.55237579
9/19/2014,44.99757004,37.53333664,54.40636826,82.11567688,93.08504486,99.4776535,33.59440231,55.897995,108.0170059,36.28009415
9/22/2014,45.05820465,36.9633522,54.167202,82.23870087,93.1532135,99.06455994,33.47996902,56.01247025,107.2910767,35.74377441
9/23/2014,45.06686401,36.75608063,53.71360779,82.33272552,93.22978973,98.51084137,33.17754364,56.05648422,106.6468277,35.5127449
9/24/2014,45.04089355,37.28288651,53.98576736,82.45574951,93.12761688,99.25793457,33.35996246,55.98604202,108.4797821,36.06800461
9/25/2014,45.15349197,36.47107697,53.19403839,82.32550812,93.4596405,97.74617767,32.89160156,56.14454269,106.728508,35.23426819
9/26/2014,45.1101799,36.63516235,53.41670609,82.07950592,93.22978973,98.49326324,33.01485443,56.04768753,107.0370102,35.45937347
9/29/2014,45.13615417,35.89244843,52.921875,81.69604492,93.32339478,98.0450058,32.72727585,56.16215515,106.9644318,34.70066452
9/30/2014,45.13615417,35.89244843,52.88064957,81.65260315,93.35746765,96.84085846,32.66152954,56.13572693,106.1568069,34.77571106
10/1/2014,45.26189804,35.15835953,52.2538681,82.13907623,93.6816864,94.58201599,32.25891113,56.44786453,105.0679398,34.1086998
10/2/2014,45.22721863,35.34836197,51.69306183,81.84139252,93.57077789,94.37984467,31.90558434,56.35087967,104.9409027,34.31715012
10/3/2014,45.25323868,35.65062332,51.69306183,81.95028687,93.63902283,94.59958649,31.94667435,56.28914642,106.9190674,34.60061646
10/6/2014,45.23589325,36.11698914,52.02294922,82.11729431,93.6049118,94.51170349,32.12744904,56.35969162,106.4290619,35.21759796
10/7/2014,45.31391907,35.79745865,51.1404953,82.12456512,93.80968475,92.82414246,31.60980225,56.58011246,104.7594452,34.87575531
10/8/2014,45.33125305,36.33289337,51.94872284,82.45127869,93.87796783,94.10736084,32.09458542,56.78292084,107.309227,35.40935516
10/9/2014,45.3572731,35.76290894,50.55495071,82.44398499,93.97180176,91.57607269,31.23182297,56.72121429,105.1677704,34.91744232
10/10/2014,45.33125305,34.98563004,49.79622269,82.19715881,94.04003143,90.0115509,30.76345825,56.82700348,104.2875824,34.12538147
10/13/2014,45.39196014,35.33972168,49.73023987,82.08822632,94.43250275,87.83179474,30.74703217,57.02097702,102.0190964,34.54225159
10/14/2014,45.41796494,35.54699326,49.8539505,82.29154968,94.53487396,88.25366974,30.79633141,57.07388306,101.4565125,34.70066452
10/15/2014,45.61743164,35.09790039,49.55705261,82.29880524,94.74817657,89.05353546,30.6237812,57.31196594,100.8303986,34.21709824
10/16/2014,45.3746109,34.77836227,49.09521866,82.30606079,94.41546631,90.03793335,30.37728691,57.17086411,100.6489029,33.87525177
10/17/2014,45.23589325,35.16699982,50.01063919,82.74167633,94.2959671,91.14536285,30.8702774,57.08269501,102.1370544,34.30881119
10/20/2014,45.29657364,35.2706337,50.32403183,82.92318726,94.18505859,92.4462204,31.13321686,57.15324783,103.3801651,34.33382034
10/21/2014,45.29657364,35.41745377,50.92608261,82.74167633,93.97180176,94.65232849,31.47010612,57.11796188,106.0751648,34.49222565
10/22/2014,45.28790283,35.18427277,50.55495071,82.91593933,93.97180176,93.6239624,31.24825096,57.06507492,105.4762802,34.21709824
10/23/2014,45.29657364,35.17563248,51.04152679,82.7997818,93.71582794,94.00190735,31.57691765,56.94163513,107.318306,34.25044632
10/24/2014,45.27924347,35.42608261,51.32194138,82.83607483,93.84381104,94.66990662,31.70838547,56.9592514,108.7882919,34.57561111
10/27/2014,45.27924347,35.14972687,51.03328323,82.99578857,93.81814575,92.74502563,31.60980225,56.99453735,108.9153137,34.21709824
10/28/2014,45.27924347,35.85791016,51.80852127,83.18457031,93.81814575,94.01948547,31.9959774,56.92401123,109.8771744,34.93412018
10/29/2014,45.29657364,35.90972137,51.41266251,82.95949554,93.89496613,92.93841553,31.80698586,56.72121429,109.8045883,34.86741257
10/30/2014,45.34859467,36.24653625,51.78378296,83.1410141,93.98886108,93.51849365,32.02883911,56.78292084,111.7464447,35.26762009
10/31/2014,45.40929794,36.4019928,52.740448,83.26448059,93.86937714,95.27637482,32.54650116,56.73882294,112.2727203,35.55109406
11/3/2014,45.41276932,36.09971237,52.2868576,82.91832733,93.73170471,94.634758,32.31642151,56.66379929,112.3725281,35.30930328
11/4/2014,45.43013763,36.13426208,51.98995972,82.71435547,93.62054443,93.68552399,32.11100769,56.70795441,112.3181,35.34265137
11/5/2014,45.42146301,35.81472397,52.08892441,82.66333771,93.56072235,94.52927399,32.11922836,56.69909668,111.9914169,35.13421631
11/6/2014,45.43883514,35.37427139,51.80852127,82.6050415,93.440979,95.36425781,31.98776054,56.63730621,112.7354965,34.63397598
11/7/2014,45.46488953,35.59881592,51.8332634,82.74346924,93.65475464,95.91796875,31.9959774,56.81387329,111.510498,34.85908127
11/10/2014,45.48223495,35.69381332,52.06418228,82.64147186,93.60343933,96.09378052,32.14387512,56.63730621,112.6538391,34.88409042
11/11/2014,45.47357178,35.65926743,52.37757111,82.59776306,93.67184448,96.41895294,32.33287048,56.77854919,113.0530701,34.94245529
11/12/2014,45.49092865,35.59017181,51.93222427,82.62693024,93.67184448,96.71783447,32.06170273,56.66379929,113.0077133,34.84240723
11/13/2014,45.49960709,35.49517441,52.17964554,82.5831604,93.67184448,96.51565552,32.19317245,56.74325943,112.8715897,34.75902939
11/14/2014,45.53434372,35.7888031,52.2538681,82.51760864,93.69752502,96.75296783,32.24247742,56.81387329,111.8462296,35.12587357
11/17/2014,45.56039047,35.40880966,52.04768372,82.27716827,93.56072235,96.7617569,32.10279465,56.74325943,112.3543701,34.68398666
11/18/2014,45.53434372,35.59881592,52.616745,82.43746185,93.56072235,97.78131866,32.44790268,56.76975632,114.1782532,34.85908127
11/19/2014,45.49092865,35.58153915,52.46004486,82.48844147,93.41535187,97.38580322,32.34107971,56.74325943,113.5340042,34.92577744
11/20/2014,45.5864296,35.52108765,52.14665222,82.73621368,93.59490204,97.96591187,32.176754,56.79623413,113.2617798,34.86741257
11/21/2014,45.63853455,36.65243912,52.60024643,83.07142639,93.66333008,99.02062988,32.44790268,56.8580246,113.7245483,35.94296265
11/24/2014,45.62117386,36.35017014,52.90538788,83.08595276,93.69752502,98.7745285,32.60402298,56.87568665,114.5321579,35.66782761
11/25/2014,45.76011658,36.11698914,52.99610519,83.10779572,93.71459961,98.54599762,32.67796326,56.95514679,114.6138,35.43436813
11/26/2014,45.80351639,36.57471085,53.20228577,83.38469696,93.85997009,98.62510681,32.8094368,57.0434227,115.4123306,35.80121613
11/28/2014,45.82087326,35.84064102,52.7734375,82.91832733,93.97970581,96.29592133,32.54650116,57.1493721,115.9476929,35.15922928
12/1/2014,45.90349197,35.22744751,52.72395325,82.41156006,93.94799042,95.36425781,32.49720001,57.11666107,115.4758453,34.51724243
12/2/2014,45.80784988,35.21881104,52.87240601,82.37496185,93.91371155,95.92676544,32.58758545,56.93983078,116.7370987,34.50056839
12/3/2014,45.81652832,35.31381607,52.80641937,82.49201202,94.03367615,97.53523254,32.5382843,56.91329193,117.018425,34.67565918
12/4/2014,45.79043579,35.37427139,52.63323593,82.58707428,94.09367371,97.60552979,32.4889679,57.00172806,116.8551025,34.63397598
12/5/2014,45.64260101,35.30517578,52.74869156,82.26530457,94.00789642,97.68465424,32.5547142,56.75416565,117.7534027,34.60895538
12/8/2014,45.71217346,34.78699875,52.2868576,81.67292786,94.03367615,96.17287445,32.26713562,56.8160553,118.1799088,34.05034256
12/9/2014,45.79914474,34.45882416,52.00645828,81.42427826,94.23935699,96.62113953,32.08636093,56.93983078,117.9893417,33.66682816
12/10/2014,45.92959976,33.9492836,51.34667587,80.64910889,94.38503265,94.45016479,31.66729736,57.13433456,116.047493,33.18324661
12/11/2014,45.91220856,33.66427994,51.28070831,80.21761322,94.29930878,94.4150238,31.63443947,57.0459137,116.4739685,32.87476349
12/12/2014,45.97307205,33.11156082,50.29104614,79.17916107,94.48788452,91.89246368,31.05104828,57.32003021,114.7590179,32.38284302
12/15/2014,46.03396606,32.63656616,49.45808411,78.03096771,94.31646729,91.21570587,30.57447815,57.14316177,113.5612259,31.73253441
12/16/2014,46.12963104,32.5847435,49.81271744,77.54833984,94.46212769,90.82016754,30.80456161,57.29350281,112.3362427,31.44070625
12/17/2014,46.12963104,33.33377075,50.40815735,79.50092316,94.25646973,93.36908722,31.11678123,57.07244492,114.7136154,32.41619873
12/18/2014,46.07746124,33.7893219,51.30755615,80.60520172,94.23935699,93.5448761,31.67552757,56.88679504,116.5374832,32.91644287
12/19/2014,46.13833618,34.0258522,51.38250351,81.44622803,94.29930878,94.58201599,31.74124908,56.97519684,117.1908112,33.07485962
12/22/2014,46.19920349,34.49891663,51.63233566,81.57785797,94.27359009,94.53807068,31.90661812,56.97519684,116.0565643,33.50529099
12/23/2014,46.16696167,34.18353271,51.46578217,81.25609589,94.28218842,95.31153107,31.75778961,56.72459793,113.4251175,33.23731613
12/24/2014,46.14082336,34.26239014,51.69896317,81.525177,94.28478241,95.15331268,31.89835548,56.73345947,114.2236252,33.30431747
12/26/2014,46.19311142,34.53395844,51.83220291,81.46637726,94.33629608,95.56642151,31.99757385,56.72459793,115.131012,33.53041077
12/29/2014,46.24540329,34.32370758,51.45746231,81.06932068,94.5509491,95.50489807,31.79086876,56.91054916,115.4667664,33.42154312
12/30/2014,46.29765701,34.39379501,50.98276901,81.28991699,94.58529663,95.36425781,31.50975037,56.99911499,114.9314117,33.51366425
12/31/2014,46.27151108,34.42007446,50.66631317,80.66492462,94.73983002,94.38864899,31.31957054,57.10534668,113.9604645,33.51366425
1/2/2015,46.48062515,33.96452713,50.44979095,80.37817383,94.4994278,94.70506287,31.16248894,57.26474762,114.2236252,33.12844849
1/5/2015,46.46318436,33.36005402,49.25891876,79.8635025,94.70545197,92.02431488,30.46796227,57.35330963,113.6610489,32.60087585
1/6/2015,46.56773758,33.21987915,48.70095444,79.61351013,94.97161865,91.19811249,30.12897491,57.53927612,113.1165924,32.44178009
1/7/2015,46.53287888,33.93824768,49.24225998,80.6134491,95.20345306,91.83971405,30.451437,57.60123062,115.8297043,33.18708038
1/8/2015,46.5154686,34.51644897,49.9084816,80.95903778,95.16056061,94.01070404,30.91444588,57.46841431,117.8441391,33.74814224
1/9/2015,46.48933029,34.40254593,49.66697693,80.90756989,95.33230591,93.50973511,30.76561737,57.68094254,117.0365448,33.58065796
1/12/2015,46.59387589,34.12221527,49.55038834,80.43701935,95.44390869,93.19329834,30.73253822,57.82260513,116.9821167,33.27919388
1/13/2015,46.6374321,34.42007446,49.8002243,80.6943512,95.4782486,92.32315063,30.88137627,57.91119385,116.6191788,33.51366425
1/14/2015,46.75069809,34.22733688,49.65864563,81.30460358,95.71870422,91.29481506,30.79869461,58.052845,116.5374832,33.38804626
1/15/2015,46.53287888,34.30618286,49.97509766,81.41491699,95.91613007,90.94322968,30.97231865,58.44245148,115.0675049,33.48855209
1/16/2015,46.80298233,34.59527969,50.62467194,81.47373199,95.75299835,92.43740082,31.31131554,58.13253403,117.2452698,33.82350922
1/20/2015,46.78553772,34.54272079,50.79955673,81.45904541,95.87320709,92.40226746,31.45186424,58.15023422,117.2725067,33.70626831
1/21/2015,46.85525513,35.30488205,51.19929504,81.38549805,95.64139557,93.21089172,31.68337822,58.01742554,117.2452698,34.45996094
1/22/2015,46.79426575,35.9794426,51.39083099,81.13546753,95.60701752,94.51170349,31.7991333,57.8845787,118.7697067,35.18851852
1/23/2015,47.07306671,35.70786667,51.09935379,82.09133148,95.91613007,92.77139282,31.60896111,58.06169891,118.3159866,34.88703918
1/26/2015,47.01208496,35.72538757,51.79889297,81.32666016,95.77017212,93.4042511,32.03063965,58.00857544,119.0782394,34.92892075
1/27/2015,46.96852112,35.53266144,51.87384033,81.90748596,95.89897156,92.70989227,32.05545044,58.07939529,118.3704529,34.74467468
1/28/2015,47.07306671,35.14719009,51.09935379,81.98842621,96.13077545,91.18054199,31.63376808,58.35389709,116.6100998,34.33434677
1/29/2015,47.02949905,35.14719009,51.79889297,82.09867096,96.07928467,92.05071259,32.06371307,58.22106552,117.6173096,34.36783981
1/30/2015,47.0992012,34.18353271,50.98276901,82.17221832,96.25099182,91.83094788,31.54282951,58.52214432,115.8841629,33.4466629
2/2/2015,47.17072296,34.796772,51.59902954,82.25263977,96.17614746,92.60441589,31.95622253,58.48226929,116.3469467,34.04123688
2/3/2015,47.06604385,35.45381927,52.42348099,82.69526672,95.84055328,94.6435318,32.41096878,58.16307068,116.9821167,34.6441803
2/4/2015,47.02243805,35.2786026,51.99043274,82.00179291,95.89216614,94.12496948,32.17947006,58.23398972,115.5302811,34.40971375
2/5/2015,46.93517303,35.48885345,52.70661926,82.43708801,95.72871399,96.26074982,32.51845551,58.16307068,117.5084305,34.66931152
2/6/2015,46.79560471,34.88438797,52.04872513,82.22311401,95.3328476,96.12014008,32.12985611,57.68428421,116.6373062,34.09986877
2/9/2015,46.76942444,34.83181381,51.79889297,82.26741028,95.18659973,95.97075653,31.98103142,57.60447311,115.2671509,34.05799103
2/10/2015,46.6560173,34.7442131,52.27357864,81.6697998,94.93704224,96.64751434,32.25387955,57.52466965,117.1635971,33.99937439
2/11/2015,46.78689575,34.49015808,51.99043274,81.59598541,94.74772644,96.5508194,32.08024597,57.48920822,117.3360062,33.848629
2/12/2015,46.85667038,35.2260437,52.79823685,82.24523926,94.72192383,98.229599,32.57633591,57.61336136,117.871376,34.63580704
2/13/2015,46.76068878,35.62902832,53.14799881,82.44445038,94.61006165,99.15246582,32.80784988,57.50697327,118.4702606,34.98753357
2/17/2015,46.75199127,35.55017853,53.2729187,82.30426788,94.52401733,99.16123962,32.88225174,57.25870895,119.2234192,34.87866592
2/18/2015,46.69090271,35.54141998,53.58937454,82.27474213,94.73911285,99.41614532,33.10549927,57.4715004,119.5137558,34.91215897
2/19/2015,46.70835114,35.3924942,53.6559906,82.03131866,94.61867523,99.5391922,33.12203979,57.36510468,119.6861496,34.80329514
2/20/2015,46.73453522,35.62902832,54.15565872,82.25998688,94.72192383,99.96986389,33.4527626,57.29415512,120.9656219,34.97916031
2/23/2015,46.80433655,35.26984787,53.96412277,82.14932251,94.91983795,99.83804321,33.3204689,57.46261978,121.4646912,34.6441803
2/24/2015,46.87412262,35.7779541,54.29722977,82.53298187,95.09191895,100.1456604,33.51889801,57.69316101,121.2559738,35.121521
2/25/2015,46.97881699,35.70786667,54.33886337,82.90918732,95.06612396,99.89955139,33.55197144,57.75522995,121.473732,35.00428009
2/26/2015,46.98751831,35.71663284,54.18897247,82.8207016,94.86820984,99.33703613,33.46102524,57.54241943,121.8730164,34.97916031
2/27/2015,47.01371002,35.69034958,54.2139473,82.96086884,95.16938019,98.95032501,33.48584366,57.63109207,121.246933,35.00428009
3/2/2015,46.90188599,35.63778687,54.29722977,82.68408203,94.79856873,99.70619965,33.53543091,57.43488312,122.2541122,34.95402908
3/3/2015,46.80582809,35.36620712,53.96412277,82.8320694,94.67784882,99.06455994,33.34526443,57.34607315,121.328598,34.63580704
3/4/2015,46.80582809,34.98074722,53.74759293,82.5064621,94.85030365,98.75694275,33.19643402,57.3815918,121.8457718,34.23386002
3/5/2015,46.86697006,34.92818069,53.87252426,82.49904633,94.75544739,98.36143494,33.30392456,57.4260025,122.5626373,34.16685104
3/6/2015,46.76216888,34.39379501,53.13967133,81.94396973,93.84997559,96.95510101,32.85745621,57.04421997,120.3758011,33.61415482
3/9/2015,46.84949875,34.26239014,53.22294617,81.88474274,94.16905212,97.10454559,32.87398148,57.15963745,120.9202347,33.4801712
3/10/2015,47.01543427,33.50021744,52.06538391,81.56652069,94.53123474,95.55764008,32.18772888,57.30170059,119.8132172,32.78510666
3/11/2015,47.08532715,33.75427246,52.19862747,81.70716095,94.39325714,95.67188263,32.27042007,57.35496902,119.8858032,33.04471207
3/12/2015,47.08532715,33.96452713,52.84818649,81.80338287,94.66917419,96.82329559,32.66727066,57.40823746,121.328598,33.22894669
3/13/2015,47.07659912,33.55278015,52.54006195,81.20384979,94.66917419,95.90923309,32.468853,57.41709137,121.1652679,32.82697678
3/16/2015,46.91939163,33.95576477,53.13134003,80.96704102,94.70371246,95.88284302,32.83264542,57.49702835,123.7331543,33.21220016
3/17/2015,46.85822678,34.34999084,52.99809265,81.07807922,94.75544739,95.01268768,32.79958344,57.54141617,123.479126,33.42154312
3/18/2015,47.07659912,35.19099808,54.13067627,82.14381409,95.32458496,96.52444458,33.47755432,57.99419785,124.8492966,34.28409195
3/19/2015,47.18138885,34.59527969,53.49776459,81.77373505,95.29012299,95.09179688,33.07242584,57.7633934,125.8383408,33.68114471
3/20/2015,47.22505569,35.11216354,54.68031693,82.66188812,95.26421356,95.78614807,33.78347778,57.94982147,126.4735184,34.09986877
3/23/2015,47.20760345,35.21728897,54.9551239,82.88388062,95.38496399,95.82131195,33.94056702,58.03862,126.0016937,34.2003479
3/24/2015,47.19013214,35.35744476,54.83853531,82.92831421,95.53154755,95.54885101,33.90749359,58.15403748,124.9853973,34.33434677
3/25/2015,47.1726799,34.796772,54.58037567,83.13550568,95.35913849,94.49411774,33.7256279,57.95869064,122.4083328,33.73957825
3/26/2015,47.13773346,34.47264099,54.10569382,82.68408203,95.27285767,94.62595367,33.45155716,57.8077774,122.0636063,33.5466423
3/27/2015,47.11152649,34.56900024,54.24726105,82.82468414,95.3677063,94.71385193,33.52630615,57.91432571,123.1887436,33.62213898
3/30/2015,47.13773346,35.23480225,54.2805748,83.0171051,95.27285767,96.05862427,33.55122757,57.96756363,124.5407791,34.31001282
3/31/2015,47.24252701,35.15596008,53.43946075,82.98013306,95.37633514,95.40822601,33.07785416,58.08300018,122.9709778,34.28484726
4/1/2015,47.25653458,35.59398651,53.82254028,83.38708496,95.4256134,95.32032776,33.31039047,58.21813202,121.4374619,34.74622345
4/2/2015,47.16910553,36.12837601,54.28889847,83.80291748,95.27866364,95.46974945,33.55953598,58.13813782,121.7006073,35.28311539
4/6/2015,47.26528168,36.5926857,54.83853531,84.10739136,95.27005005,96.25199127,33.88342285,58.26257324,121.8911591,35.7109375
4/7/2015,47.23029327,36.40870667,54.76359558,83.95146179,95.38236237,96.04983521,33.88342285,58.28035736,122.0817184,35.62705231
4/8/2015,47.29150391,37.17087173,54.99677658,84.345047,95.35647583,96.32229614,34.04120636,58.23590469,123.3157883,36.34848022
4/9/2015,47.27402115,37.53881454,55.07171249,84.36727905,95.27005005,96.7617569,34.09104538,58.09367371,124.1233826,36.81825256
4/10/2015,47.31772232,37.56510925,55.17998505,84.37473297,95.21818542,96.9990921,34.15746689,58.04921341,125.1941223,36.74275208
4/13/2015,47.33521271,37.34608841,54.8302002,84.25591278,95.25276947,96.55960846,33.97476578,58.13813782,124.7404175,36.61691666
4/14/2015,47.3789444,37.51254272,55.23828125,84.35242462,95.20956421,96.88480377,34.23221588,58.25368118,124.8311386,36.71757889
4/15/2015,47.41391373,37.77535248,55.48810959,84.48615265,95.31326294,97.73739624,34.38999557,58.28924561,125.1124115,36.93569183
4/16/2015,47.33521271,38.07320786,55.63800812,84.30045319,95.27005005,97.36823273,34.47304916,58.32480621,125.148735,37.27124405
4/17/2015,47.35269928,37.40740967,54.93846893,84.18911743,95.33920288,96.6914444,34.05780792,58.35146713,124.0326309,36.50786591
4/20/2015,47.29150391,37.37236786,54.99677658,83.9885788,95.26140594,97.31551361,34.11595535,58.32480621,124.7404175,36.39041519
4/21/2015,47.21279526,37.59138107,55.48810959,84.06285858,95.20088959,96.56840515,34.40662003,58.25368118,125.6477737,36.67564392
4/22/2015,47.12538147,37.99437332,55.5963707,84.36727905,95.0539856,96.79692078,34.48135757,58.02254105,125.7476501,37.10346985
4/23/2015,47.09914017,38.27470016,55.80456924,84.56038666,95.01076508,97.18364716,34.63084793,58.16478729,126.3918686,37.28802109
4/24/2015,47.26528168,38.41487122,56.1293602,84.73860168,95.13178253,97.77253723,34.82184982,58.28035736,125.9381561,37.47257614
4/27/2015,47.23029327,38.563797,56.40417099,84.83512878,95.06263733,98.34384918,34.95472717,58.26257324,123.4065094,37.63196182
4/28/2015,47.18658447,38.62511826,56.47078705,84.77570343,94.97621918,98.59873199,35.01285934,58.07589722,123.6696701,37.72423172
4/29/2015,46.8193779,38.14329147,55.97945404,84.24105835,94.82064819,98.39658356,34.70558548,57.93366241,122.6715317,37.32157516
4/30/2015,46.7581749,37.56510925,55.38817596,84.00343323,94.69968414,97.64069366,34.35678864,57.99588776,120.5300446,36.82664108
5/1/2015,46.75904083,37.79287338,56.00442123,84.08687592,94.51345062,99.23157501,34.64745331,57.73418427,122.1724701,37.04475403
5/4/2015,46.61898422,38.0118866,55.94614029,83.96768951,94.52213287,99.02941895,34.68067169,57.7430954,123.0344849,37.22930527
5/5/2015,46.45269775,37.60013199,55.11334991,83.8409729,94.45281219,97.86921692,34.15746689,57.6629715,121.4374619,36.84341431
5/6/2015,46.19884109,37.13582993,55.2549324,83.81858826,94.10642242,97.93954468,34.23221588,57.52944183,121.2650528,36.35686874
5/7/2015,46.32136917,37.08326721,55.07171249,83.69190216,94.34892273,98.32627106,34.11595535,57.57397461,121.900238,36.30654907
5/8/2015,46.41767883,37.55633545,56.3458786,84.15395355,94.32292175,99.63587189,34.85507965,57.78759003,123.8602295,36.86019135
5/11/2015,46.28637314,37.197155,55.85453033,83.76643372,93.99383545,99.30190277,34.54779434,57.5116539,123.896492,36.50786591
5/12/2015,46.07629776,37.07450867,55.82121658,83.31925964,94.15839386,98.35264587,34.54779434,57.50276947,123.3702087,36.40720749
5/13/2015,46.00627518,37.1445961,56.23760986,83.40869904,93.99383545,98.38779449,34.79693985,57.52944183,123.2885437,36.4994812
5/14/2015,46.00627518,37.51254272,56.91215515,83.68443298,94.11507416,99.50403595,35.21218109,57.6629715,124.9037018,36.84341431
5/15/2015,46.26887512,37.80163193,56.97878265,84.10179901,94.16702271,99.69740295,35.25370026,57.85879517,125.1850281,37.22091675
5/18/2015,46.19006348,37.4161644,56.78725052,83.88566589,93.8552475,99.6095047,35.13743973,57.6629715,126.083374,36.86019135
5/19/2015,46.28637314,37.4774971,56.57072067,83.4757843,93.75133514,99.09971619,35.00457001,57.44042587,126.655014,36.94408035
5/20/2015,46.23383713,37.45121384,56.67898178,83.55031586,93.76003265,99.04698944,35.07099152,57.58285904,126.9635391,36.89375305
5/21/2015,46.22509766,37.31980515,56.97878265,83.99744415,94.05445099,99.36340332,35.26200104,57.716362,126.8908997,36.78469467
5/22/2015,46.24259949,37.44245529,56.61236572,84.10923004,93.89855957,99.17881775,35.04609299,57.61846161,126.6912994,36.8769722
5/26/2015,46.37391281,36.84673309,55.5963707,83.87823486,94.037117,97.95713043,34.45644379,57.80540848,125.5933609,36.33171082
5/27/2015,46.39142227,36.85549545,56.13768005,83.72919464,94.10642242,98.63388062,34.74710846,57.76978683,127.0451736,36.42398071
5/28/2015,46.41767883,36.3736763,56.0377388,83.4981308,94.09774017,98.76572418,34.6723671,57.84989166,127.0724411,35.91226196
5/29/2015,46.51395035,36.02324677,55.49642944,83.74407959,94.23631287,98.13288879,34.34017181,57.9478035,126.8727875,35.51799774
6/1/2015,46.41846085,35.88308334,55.34653473,83.27953339,94.11396027,98.15925598,34.25713348,57.70357895,127.1994781,35.492836
6/2/2015,46.21695709,36.02324677,55.60469055,83.16735077,93.78414917,98.56356812,34.37340164,57.48968506,126.5279999,35.61865616
6/3/2015,45.91028595,35.83928299,55.91283035,82.87561798,93.69734192,98.844841,34.5727005,57.24902344,126.8274612,35.44249344
6/4/2015,45.90153503,35.2961235,55.31322098,82.78585052,93.88834381,97.62314606,34.17408371,57.4094696,125.9018936,34.9223938
6/5/2015,45.85770416,35.13843918,54.65532684,82.34449768,93.63659668,97.39459229,33.80036926,57.11532974,126.0198212,34.75461197
6/8/2015,45.78762817,35.12967682,54.58037567,82.14250183,93.62794495,97.00786591,33.76714706,57.21337128,125.4663696,34.73783112
6/9/2015,45.70001984,34.91942215,54.2805748,81.8358078,93.41963959,97.04302216,33.57613373,57.10641098,125.2757874,34.48618317
6/10/2015,45.56858826,35.42753983,55.42148972,81.54410553,93.44568634,98.0274353,34.27374268,56.94596863,126.7366562,34.98950958
6/11/2015,45.71753693,35.25231934,55.57139206,81.76104736,93.67133331,98.25595093,34.37340164,57.17771912,127.6077957,34.84690094
6/12/2015,45.84896469,35.25231934,55.13000107,81.87320709,93.81017303,97.75494385,34.09933472,57.1866188,126.1741104,34.85527802
6/15/2015,45.86647797,34.85810089,54.79690933,81.46925354,93.84490967,96.96391296,33.88342285,57.28467178,126.2194595,34.50295258
6/16/2015,45.73506165,34.86685944,54.78024673,81.45430756,94.00981903,97.51764679,33.875103,57.36489105,126.8274612,34.57845306
6/17/2015,45.84019089,35.07712173,54.65532684,81.81340027,93.98376465,97.8604126,33.78376007,57.48075867,127.0542984,34.79656219
6/18/2015,45.73506165,35.40124893,55.14666748,82.23227692,93.95774078,98.67785645,34.10765076,57.46294785,129.0506134,35.10694122
6/19/2015,45.90153503,35.09463882,55.01342392,82.4417038,94.12260437,98.23838806,34.03290176,57.65903473,128.9779816,34.7881813
6/22/2015,45.71753693,35.60273743,56.05439758,82.56141663,93.83620453,98.36143494,34.62253952,57.36489105,130.0759277,35.24116135
6/23/2015,45.77885818,35.95316315,56.20429611,82.53147888,93.81017303,98.20321655,34.74710846,57.28467178,130.2483215,35.55995178
6/24/2015,45.77885818,35.69910812,55.72129059,82.6062851,94.06184387,97.07817841,34.4647522,57.36489105,128.8418427,35.37538147
6/25/2015,45.79639435,35.57642746,55.69672012,82.49407196,93.95774078,96.9990921,34.45644379,57.26682663,129.5042572,35.24954987
6/26/2015,45.64742279,35.24105453,55.67131805,82.23227692,93.84490967,96.74420929,34.42533493,57.15100479,129.2410889,34.92443848
6/29/2015,45.73506165,34.45556259,53.9607048,82.01533508,94.244133,94.39742279,33.39105606,57.5520401,126.2376022,34.15398788
6/30/2015,45.88401794,34.96746063,53.76592636,82.22479248,93.91433716,94.61715698,33.34059906,57.47186661,126.9998245,34.61117935
7/1/2015,45.80680847,34.94098282,54.11312866,82.5266571,93.92565155,94.86328125,33.55922318,57.27638245,127.8255234,34.61117935
7/2/2015,45.65766144,35.10866547,54.18087769,82.57923889,94.06481934,94.62595367,33.64330673,57.46380615,127.3990784,34.77204514
7/6/2015,45.72786331,34.12901306,53.0884552,82.23384094,94.21265411,93.74700928,32.95380783,57.70481873,127.4716873,33.80686188
7/7/2015,46.00856018,33.61713028,53.10539246,82.17375183,94.19524384,93.50091553,32.94539642,57.72266006,127.9616776,33.29040527
7/8/2015,45.97348785,32.46095657,51.86901093,82.01603699,94.54318237,91.43541718,32.14656067,57.89226151,125.7385483,32.06275177
7/9/2015,45.95593643,33.08758163,52.72431183,82.20375824,94.39530945,91.64635468,32.66791153,57.6601944,126.4825897,32.7146759
7/10/2015,45.87697601,33.92602539,54.45186615,82.5116272,94.2909317,92.96479797,33.66014481,57.42811966,128.1976166,33.63752747
7/13/2015,45.85945129,34.1554985,54.65511322,82.38399506,94.24745178,94.07223511,33.80308533,57.32994843,129.4679871,33.84918976
7/14/2015,45.85067368,34.21727753,55.11240768,82.11364746,94.33443451,94.52927399,34.03852844,57.45490265,130.8925629,33.93385696
7/15/2015,46.04364777,33.82894135,54.90916061,82.11364746,94.28224945,93.59760284,33.90399933,57.57984161,130.9016113,33.51899338
7/16/2015,46.06119919,34.25257874,55.38340378,82.33144379,94.36050415,93.36908722,34.18989563,57.54415894,131.7364349,33.91692734
7/17/2015,46.09628296,34.20844269,55.29024506,82.36145782,94.52578735,92.56044769,34.13943481,57.48168182,131.6548157,33.9084549
7/20/2015,46.18399811,33.98780823,55.43420792,82.24884033,94.54318237,91.71668243,34.21511459,57.40135193,131.8997498,33.6967926
7/21/2015,46.15769196,33.99663162,55.2733078,82.3013916,94.62147522,91.1717453,34.12262344,57.4906044,131.319046,33.70526505
7/22/2015,46.20153046,33.51121521,54.84988403,82.35393524,94.69102478,90.8465271,33.83672714,57.47272873,131.6003418,33.25653458
7/23/2015,46.29803467,33.18466568,54.70591736,82.13621521,94.80409241,89.60725403,33.72740936,57.6601944,131.1375732,32.97713852
7/24/2015,46.38576126,32.70807648,54.10466385,81.8358078,94.88237,87.76148987,33.36584091,57.71374893,127.9979553,32.5030098
7/27/2015,46.40329742,32.09027863,53.70665359,81.51291656,94.95196533,86.82100677,33.15560913,57.87440109,127.5805817,31.77489853
7/28/2015,46.35946274,32.41683197,54.38412476,81.6556015,94.8649826,88.6579895,33.5676384,57.74052811,129.8309021,32.07968521
7/29/2015,46.34189987,32.73455811,54.57889175,82.07613373,94.76929474,89.60725403,33.6853714,57.69589615,129.8943939,32.37601471
7/30/2015,46.44715118,32.40800476,54.53656006,82.33892822,94.77802277,89.9500351,33.66854477,57.72266006,129.7765045,32.17282867
7/31/2015,46.47347641,32.7610321,54.85835648,82.34646606,94.9693985,89.67756653,33.82831573,57.9814949,130.6475677,32.44374847
8/3/2015,46.50069046,32.2138443,54.71439362,81.98384857,95.09139252,88.97441864,33.72740936,58.00474548,130.5568085,31.91036224
8/4/2015,46.47436142,32.32857513,54.75673294,82.10447693,94.89091492,89.33478546,33.76103592,57.79917526,130.4661255,32.01196671
8/5/2015,46.2987442,32.33739853,55.04466248,82.02156067,94.84732819,89.83577728,33.9376297,57.64724731,131.4460754,32.04581833
8/6/2015,46.50946808,32.0549736,54.81600952,81.72758484,94.89091492,89.54573822,33.78626633,57.7902565,128.4788818,31.8172226
8/7/2015,46.44801331,32.03731918,54.71439362,81.76525879,94.90831757,88.29763794,33.75263596,57.86172485,128.0343018,31.78336334
8/10/2015,46.36898804,32.57569504,55.38340378,81.78033447,94.66430664,90.57408905,34.16465759,57.77238083,128.9507141,32.3252182
8/11/2015,46.54459381,31.86080933,54.53656006,81.802948,95.08266449,88.88651276,33.62651443,57.99580765,128.0161438,31.63096809
8/12/2015,46.55338287,31.36656952,54.14700317,81.84815979,94.83863068,89.009552,33.40788269,58.03155518,128.1159058,31.13990402
8/13/2015,46.52702332,31.3136158,54.11312866,81.78033447,94.93450165,88.76348114,33.39947128,57.8975029,127.7529602,31.08063316
8/14/2015,46.46556091,31.35773849,54.19781494,81.82557678,94.94321442,89.29962158,33.45832443,57.84386063,127.9344559,31.17376137
8/17/2015,46.54459381,31.01353645,54.09620285,81.87834167,94.95193481,89.93244934,33.39105606,57.93326187,129.5042572,30.84356499
8/18/2015,46.49189377,30.67816162,53.68971252,81.58433533,94.81243896,89.24687958,33.13038635,57.8975029,129.2048035,30.48796463
8/19/2015,46.57093048,30.29866219,53.21548462,81.36573029,95.03037262,88.15699768,32.86131287,58.13880157,128.5332947,30.07312012
8/20/2015,46.62361908,29.82207489,51.92827988,81.07178497,95.00421906,86.59252167,32.05406952,58.18349075,125.3120804,29.61592484
8/21/2015,46.59728241,28.90419769,50.74269867,80.72502899,95.21339417,84.42153931,31.24684525,58.33543777,121.7096939,28.66767311
8/24/2015,46.49189377,27.64211845,48.98973465,79.55662537,94.92573547,80.97614288,30.19573593,58.50524139,117.0819321,27.2537632
8/25/2015,46.22850418,27.9951458,49.455513,80.17472839,94.76889038,79.59619141,30.49845695,58.25499725,115.430481,27.62628746
8/26/2015,46.27241135,28.9218483,50.62414551,80.15966034,94.68171692,81.52986145,31.28886223,58.0941391,120.2669067,28.583004
8/27/2015,46.24605179,30.20157623,51.2423439,81.32050323,94.91706848,84.55338287,31.70090485,58.06731033,122.598938,29.73444939
8/28/2015,46.2636261,29.81324768,51.16612244,81.37328339,94.93450165,85.04557037,31.61680984,58.04942703,122.453743,29.3026619
8/31/2015,46.14949036,29.86619949,50.78505325,81.41847992,94.86477661,84.74674988,31.38137245,57.93326187,120.1217346,29.24339676
9/1/2015,46.26990128,28.7100296,49.082901,81.47984314,95.15999603,82.21541595,30.35550499,58.13460159,116.9276505,28.10041618
9/2/2015,46.25232315,29.12484169,49.8111763,81.1240387,95.02024078,83.10314941,30.82640266,58.0182724,119.3958206,28.52374649
9/3/2015,46.35779953,29.23957443,49.92973709,81.547966,95.09886169,83.66567993,30.86843109,58.23305511,118.4158173,28.65073967
9/4/2015,46.49843597,28.36582565,48.78650665,81.48738861,95.2036438,82.11872864,30.17892838,58.26885223,117.1001129,27.75328827
9/8/2015,46.59512711,29.26604843,50.21766281,81.45714569,94.94161987,84.04360962,31.05342293,58.03616333,120.5300446,28.68461037
9/9/2015,46.44568634,29.11601448,50.01442337,81.72966766,94.95912933,83.37561035,30.93571854,58.09880066,118.6608276,28.52374649
9/10/2015,46.41932678,29.41609192,50.34469604,81.60852814,94.85428619,83.42836761,31.13751984,58.02721786,119.8404465,28.73540497
9/11/2015,46.45449448,29.53081703,50.33621979,81.62365723,94.88924408,83.21741486,31.12910461,58.10775757,120.8023148,28.84547043
9/14/2015,46.42811203,29.48669434,49.95514297,81.67666626,94.85428619,82.2593689,30.90208244,58.17937851,120.412117,28.84547043
9/15/2015,46.36658096,29.76911545,50.29388046,81.57824707,94.48740387,83.03282166,31.12910461,57.82139206,121.9819031,29.1417942
9/16/2015,46.23472214,30.49282455,51.06450653,81.91132355,94.4961853,84.28091431,31.5747776,57.85719681,122.2813568,29.8191185
9/17/2015,46.27868271,30.42221642,51.0899086,82.38827515,94.94161987,83.76235962,31.59158897,58.19725418,123.6333847,29.8191185
9/18/2015,46.55118942,29.8573761,49.8111763,82.60022736,95.15999603,82.25058746,30.83480453,58.35832977,121.9728317,29.09100151
9/21/2015,46.42811203,29.80441475,49.78577423,82.13845825,95.05516815,82.43517303,30.83480453,58.1435585,119.9402542,29.15873146
9/22/2015,46.57754517,29.24839973,48.60020447,81.47984314,95.31719208,80.87943268,30.11164665,58.34940338,118.9421387,28.59147263
9/23/2015,46.48965073,28.78063774,48.37155151,81.31329346,95.29972839,79.34861755,29.96870804,58.34044647,118.7343216,28.15968132
9/24/2015,46.54238129,28.6570797,48.23605347,81.04077911,95.33463287,79.27710724,29.86780548,58.34940338,117.4710999,28.10888481
9/25/2015,46.48088074,28.59529686,48.65947723,80.85153198,95.29102325,78.99095154,30.14313507,58.31359863,113.8553009,28.05737877
9/28/2015,46.49843597,27.9863205,47.7025528,80.15502167,95.54430389,76.34423065,29.56037521,58.43888474,109.1045151,27.43083382
9/29/2015,46.5687561,28.11870956,47.63480377,79.97331238,95.71028137,76.55883789,29.50125885,58.59998322,109.67202,27.65398979
9/30/2015,46.52481842,28.93067169,48.54092407,80.54871368,95.68406677,78.08782959,30.10090637,58.63577271,112.1893387,28.40070152
10/1/2015,46.55297089,29.08953857,48.69335175,80.32054138,95.66914368,78.86576843,30.18536186,58.64653778,113.0406418,28.49511147
10/2/2015,46.72016525,29.86619949,49.52325439,81.2330246,95.98426056,80.7703476,30.68367195,58.86161041,115.5487671,29.24182129
10/5/2015,46.64095688,30.51047516,50.50559235,81.63604736,95.83547974,82.95211029,31.30022049,58.6554718,115.8691635,29.82544708
10/6/2015,46.58817291,30.45751953,50.56487274,81.89456177,95.89672852,83.78371429,31.333992,58.75406265,112.8392334,29.74821281
10/7/2015,46.57056427,31.2694912,51.20000458,82.15311432,95.77416992,85.0266037,31.70561218,58.68238449,114.459465,30.48633194
10/8/2015,46.56176758,31.60486412,51.60648727,82.19113922,95.67790222,86.3499527,31.96742821,58.57483673,114.6517029,30.8811512
10/9/2015,46.47377014,31.71960068,51.69963837,82.53328705,95.68665314,86.43044281,32.03500366,58.53002167,115.3199463,30.91548538
10/12/2015,46.57056427,31.48130035,51.59802246,82.63976288,95.86173248,85.59886932,31.97587776,58.66443253,115.5304642,30.74382019
10/13/2015,46.62337494,30.96940994,50.94594955,82.06186676,95.80044556,85.30379486,31.59581757,58.69133377,113.9651642,30.19450378
10/14/2015,46.73776627,31.20770645,51.04756546,82.43447113,95.93173981,85.93865967,31.6464901,59.00499344,113.7271652,30.42625427
10/15/2015,46.67616653,31.96672058,51.91981888,82.84508514,95.78297424,86.33208466,32.22925186,58.76302719,116.5740204,31.12146378
10/16/2015,46.65856934,31.99319649,51.87746811,83.29370117,95.80922699,86.24269104,32.21235275,58.75406265,117.5351563,31.21587181
10/19/2015,46.66736221,31.66664314,51.69963837,83.3012619,95.88799286,85.54521942,32.07722855,58.76302719,117.8921585,30.89831543
10/20/2015,46.57937241,31.65781593,51.4879303,82.84508514,95.86173248,85.75087738,31.96742821,58.62862396,116.0797195,30.82964897
10/21/2015,46.64976501,31.19888115,51.4625206,82.55610657,95.97548676,84.74047089,31.94209099,58.72718811,114.9263382,30.38333702
10/22/2015,46.8081665,31.84315491,52.03837204,82.90592957,96.00177765,86.95800018,32.32216263,58.75406265,113.9834671,31.04421997
10/23/2015,46.8081665,32.02849579,52.55494308,83.07318115,95.86173248,87.67333984,32.61776733,58.56586456,116.4916458,31.2502079
10/26/2015,46.79057693,31.73725319,52.36016083,83.11880493,95.95799255,87.04742432,32.49952316,58.62862396,116.931015,30.89831543
10/27/2015,46.90497589,31.37539673,51.90288162,82.89070129,96.03678131,86.33208466,32.21235275,58.70029068,118.9174042,30.61507416
10/28/2015,46.89616776,31.01353645,52.24161148,82.54849243,95.92297363,87.75379944,32.38973236,58.48521423,120.2996216,30.28034401
10/29/2015,46.74656296,30.72229576,51.8605423,82.67020416,95.85293579,87.85218048,32.1532402,58.29698944,120.5192947,29.94560814
10/30/2015,46.799366,30.77524376,51.75045013,82.5029068,96.0280304,88.17407227,32.12790298,58.27011871,119.8510666,29.90270233
11/2/2015,46.68566895,31.38422394,52.24161148,82.56398773,95.97097778,88.83576965,32.4404068,58.07297134,122.5148544,30.46916771
11/3/2015,46.6504364,31.79902649,52.22467422,83.02205658,95.8219223,89.02353668,32.4404068,58.00126266,122.4049911,30.8468132
11/4/2015,46.54465866,31.54308128,51.93675613,83.00682831,95.856987,88.52279663,32.22925186,57.92059708,122.1120911,30.67516136
11/5/2015,46.58873367,31.59603691,51.84359741,83.10604858,95.84822845,87.96841431,32.18703079,57.89373398,121.6543732,30.71806526
11/6/2015,46.41246796,31.15475082,51.60648727,82.60216522,95.52371216,88.18302917,32.03500366,57.62487793,121.3797913,30.37475395
11/9/2015,46.39482498,30.37808418,51.07297516,82.20513153,95.46229553,87.44980621,31.69716835,57.60693741,120.5467911,29.66238213
11/10/2015,46.50058746,30.24570847,51.03910065,82.31198883,95.5149231,86.81494141,31.68871689,57.66968155,121.3248291,29.58512688
11/11/2015,46.55347824,30.30748749,51.30161667,82.33492279,95.558815,87.00272369,31.84074783,57.64279175,119.9243011,29.61946487
11/12/2015,46.57109833,30.01623344,50.63261414,82.48760986,95.63770294,85.06236267,31.46068192,57.72346115,117.855545,29.31048393
11/13/2015,46.65924072,29.60143089,50.209198,82.36545563,95.73418427,86.05488586,31.21575546,57.88475037,117.7548447,28.92425156
11/16/2015,46.72093201,30.17509651,50.84432602,82.41129303,95.68157959,87.08319855,31.5873661,57.91165543,118.9723282,29.55080605
11/17/2015,46.74736404,30.08683777,50.97982407,82.60216522,95.856987,86.83280182,31.6295929,57.88475037,119.60392,29.51646996
11/18/2015,46.81787872,30.41339111,51.44558334,82.80062103,96.0324173,88.63011169,31.93365097,57.83995056,121.928978,29.74821281
11/19/2015,46.84431076,30.68698692,51.70809937,82.95334625,96.19908905,88.5406723,32.10256958,57.91165543,119.8785629,29.97135544
11/20/2015,46.81787872,30.99589157,51.58954239,83.21295166,96.21659088,88.20985413,32.03500366,57.83097839,120.8122253,30.2288475
11/23/2015,46.80907059,30.70464134,51.2677536,83.12895966,96.30430603,88.3171463,31.84074783,57.85786819,120.8305359,29.97994804
11/24/2015,46.87075806,30.86350822,51.27621078,83.04496765,96.37445831,89.16661072,31.88297272,57.92059708,121.2149887,30.05718803
11/25/2015,46.90602493,30.62521172,51.39477539,82.96860504,96.42709351,88.77316284,31.93365097,57.9564476,121.9106979,29.82544708
11/27/2015,46.93247223,29.95445442,51.4032402,82.97625732,96.44465637,88.76422119,31.92520714,58.01918411,122.1852798,29.17315865
11/30/2015,46.88838196,29.99859047,51.36090469,82.75482941,96.50605011,88.871521,31.88297272,57.9564476,120.6566238,29.21607018
12/1/2015,47.02087402,30.22805405,51.90288162,82.996315,96.63433075,89.46167755,32.22925186,58.13414383,122.4049911,29.38773155
12/2/2015,46.99437332,29.86619949,51.35242844,82.72803497,96.67829895,88.21879578,31.89141273,58.02645874,121.4072418,29.09590912
12/3/2015,46.54395676,29.69850922,51.10684967,82.1531601,96.37068176,87.52133942,31.73939323,57.73928833,118.6519241,29.01007843
12/4/2015,46.54395676,29.90150452,51.52180099,82.27581024,96.52888489,88.76422119,31.96742821,57.81106567,121.3157043,29.12165833
12/7/2015,46.80890274,29.40726089,51.19152832,82.07648468,96.62555695,87.19049072,31.70561218,57.96361923,120.3362503,28.70968246
12/8/2015,46.83539963,29.08071136,50.43784714,81.94616699,96.68707275,85.61676788,31.22420311,57.98158264,120.7481384,28.36636353
12/9/2015,46.83539963,28.84241486,50.209198,82.08410645,96.79257202,87.44980621,31.15663338,58.05338669,119.4757843,28.1603775
12/10/2015,46.80006027,28.64825249,50.21766281,81.96152496,96.83649445,86.97588348,31.14818382,57.93670273,120.4186249,27.87714386
12/11/2015,46.87072372,27.84511375,49.26073456,80.70446777,97.01226807,84.84778595,30.59077072,58.29567719,118.4230881,27.0875206
12/14/2015,46.79124832,28.29522514,49.33694839,81.02639771,96.78378296,83.64958191,30.65833092,58.0174942,118.9723282,27.53383255
12/15/2015,46.69409561,28.72768211,49.58253098,81.2946701,96.68707275,84.13243866,30.77656937,57.83800125,120.6566238,27.93722153
12/16/2015,46.66759109,29.29252434,50.58180618,81.35600281,96.69587708,85.16073608,31.40156746,57.78415298,122.4324799,28.40927696
12/17/2015,46.73823547,28.91302109,49.93820953,81.42497253,96.98592377,83.48863983,31.03839493,57.88287354,121.0776749,28.1603775
12/18/2015,46.86190033,28.81594086,49.41316223,81.24103546,97.16166687,82.45137787,30.70900917,58.04441452,119.5856247,28.01447105
12/21/2015,46.90605927,29.04091644,49.64211655,81.09539032,97.20562744,83.10413361,30.90529442,58.03541565,120.6566238,28.21197891
12/22/2015,46.86190033,29.27396011,50.01799393,81.23335266,97.17926788,84.30233002,31.13472939,57.95466232,121.3523483,28.42759705
12/23/2015,46.78662491,29.68626976,50.85517883,81.60125732,97.2232132,86.22810364,31.64458275,57.86113739,122.6807327,28.85021973
12/24/2015,46.78662491,29.57870865,50.76975632,81.63825989,97.21090698,86.14710236,31.55960846,57.8970871,122.8369141,28.76397133
12/28/2015,46.94600677,29.37255669,50.65016556,81.40712738,97.25492096,85.49019623,31.46613693,57.91508102,122.2765121,28.61735153
12/29/2015,46.72465134,29.39944458,51.15418243,81.48416901,97.28133392,86.28209686,31.79752922,57.71725464,123.8015213,28.60009956
12/30/2015,46.74235916,28.94232178,50.84663773,81.65366364,97.34295654,85.49019623,31.60209084,57.75322342,123.2319183,28.20335579
12/31/2015,46.82205963,28.85268974,50.16322708,81.4995575,97.49268341,84.76127625,31.20270538,57.95108795,122.0743866,28.21197891
1/4/2016,46.91944122,28.06392097,49.39437485,81.41482544,97.28133392,83.43841553,30.73534966,57.9780426,119.6766586,27.40986633
1/5/2016,46.8928833,28.12666702,49.31748581,81.63056183,97.3957901,83.40242767,30.7013607,57.9960289,120.2278137,27.47024155
1/6/2016,47.06998825,27.58886909,48.50592422,81.62285614,97.82730103,81.35965729,30.14052773,58.34675217,118.9968109,26.97861862
1/7/2016,46.99914551,26.73736382,47.4978714,81.23761749,97.96820068,79.0739212,29.5711956,58.32877731,116.3693924,26.1075058
1/8/2016,46.99028397,26.45053864,46.92551041,81.16830444,98.01224518,78.21002197,29.2057991,58.46367264,114.6790085,25.8746357
1/11/2016,46.93715668,26.4415741,47.12199783,81.02957153,97.85372925,77.1121521,29.3332653,58.36473846,113.0161896,25.76251221
1/12/2016,46.99914551,26.4953537,47.34409714,80.65205383,97.88895416,77.21115112,29.45223427,58.49065018,114.320755,25.85738564
1/13/2016,47.10539246,26.21749687,46.60942078,80.33618164,97.93299103,75.43834686,29.01036453,58.69748306,110.7011261,25.56414032
1/14/2016,46.95486832,26.55809784,47.20742035,80.42862701,97.75684357,76.42823792,29.35025978,58.59856415,113.5306702,25.89188766
1/15/2016,47.01685333,25.5093956,45.49885941,79.63502502,98.05630493,74.93438721,28.33056641,58.79640198,111.9872971,24.80515289
1/19/2016,46.87517166,25.88585663,45.91745758,79.92783356,98.04745483,73.90851593,28.57699776,58.7334671,111.5095444,25.15014267
1/20/2016,47.01685333,25.32117081,44.87524033,79.44242096,98.19716644,73.53057098,27.92269135,58.91333008,112.0423889,24.62402725
1/21/2016,47.06113052,25.41976357,45.20840836,79.80457306,98.13555908,74.04350281,28.13512421,58.83240509,111.4636383,24.66714859
1/22/2016,46.9637146,26.28919983,46.54108429,80.5519104,98.01224518,75.33034515,28.95087051,58.74244308,113.337738,25.50376701
1/25/2016,47.07884216,25.84103584,45.91745758,80.18208313,98.06507111,72.86463165,28.53450203,58.85038376,112.3639526,25.08114815
1/26/2016,47.04340363,26.21749687,46.73757172,80.43632507,98.03865814,74.25947571,29.05285072,58.87734604,113.1080627,25.4433918
1/27/2016,47.18508911,26.12786484,46.43857193,80.82157898,98.09147644,73.61154938,28.86590767,58.88634491,111.6381531,25.27951813
1/28/2016,47.2824707,26.54017258,46.57525635,81.24531555,98.10913086,73.81851959,28.97637558,58.97628021,108.8545685,25.68488693
1/29/2016,47.43300247,27.4006443,47.39536667,81.53038025,98.24121094,76.26622009,29.47771263,59.19207382,110.7103195,26.59050179
2/1/2016,47.4294548,27.14070702,47.34409714,81.12737274,98.01533508,76.32923126,29.41823959,59.11558151,111.0226517,26.32313538
2/2/2016,47.50923157,26.26230812,46.2420845,80.94945526,98.27120209,75.57333374,28.75543976,59.36769104,109.3231049,25.53826523
2/3/2016,47.58013535,27.00626183,46.62651443,81.30529785,98.35946655,77.75107574,29.01036453,59.36769104,109.8467484,26.21962929
2/4/2016,47.58013535,27.2124157,46.68630981,81.40586853,98.43886566,79.64985657,29.06984138,59.43967438,109.5160446,26.40075493
2/5/2016,47.5890007,26.89870071,45.96871948,81.32074738,98.51828003,78.65096283,28.63647652,59.46670532,107.1550293,26.12475777
2/8/2016,47.67764664,26.53120613,45.11443329,80.95720673,98.77418518,76.68920898,28.11812973,59.71878433,105.2257919,25.76251221
2/9/2016,47.70424271,26.16371727,44.59332657,80.69419861,98.78299713,77.47212219,27.81221962,59.70977402,105.9331741,25.43476868
2/10/2016,47.6510582,26.27127457,44.54207611,80.77157593,98.80950165,76.88717651,27.75273895,59.79083252,106.8702164,25.51239204
2/11/2016,47.72195435,25.83207512,43.89282227,80.6787262,98.95951843,75.34835052,27.38735008,59.9888649,105.1798401,25.14151955
2/12/2016,47.51809692,26.28023529,44.66167068,80.99586487,98.71240997,77.48110199,27.82071686,59.77281952,106.6221619,25.5555172
2/16/2016,47.54467773,26.86284637,45.56721115,81.25889587,98.7653656,78.65096283,28.3560524,59.57474518,108.7994537,26.15925598
2/17/2016,47.58013535,27.39167595,46.35313797,81.83128357,98.63297272,80.09980774,28.86590767,59.46670532,110.5082016,26.70262527
2/18/2016,47.68650055,27.23033714,46.11394119,82.07880402,98.62413025,79.70385742,28.72994614,59.68278122,109.5252075,26.57325363
2/19/2016,47.73083115,27.10485649,46.06268692,82.00920105,98.5535965,78.92995453,28.6789608,59.60174179,109.6813889,26.46113205
2/22/2016,47.77515793,27.77710342,46.58379745,82.41143799,98.45652008,80.36975861,29.02735901,59.59277344,111.1145172,27.11662292
2/23/2016,47.78400421,27.18552589,45.82349014,82.39596558,98.49181366,78.53398132,28.54300499,59.68278122,110.1223679,26.53012276
2/24/2016,47.84606171,27.12278366,45.66117859,82.41143799,98.35946655,79.55987549,28.4580307,59.67377472,110.5908585,26.53012276
2/25/2016,47.9258194,27.2124157,46.20791626,82.69764709,98.43004608,80.43276978,28.79792595,59.80883408,111.9137878,26.57325363
2/26/2016,47.9258194,26.94351768,46.08831787,82.83683777,98.27120209,81.49464417,28.69595337,59.55673599,111.8862152,26.34038353
2/29/2016,48.03217697,27.17656326,45.81494904,82.96066284,98.26237488,81.22467804,28.56849289,59.63777542,110.131546,26.50425148
3/1/2016,48.01887131,28.14459038,47.01093292,83.9307251,98.07764435,83.09645844,29.30777359,59.311409,112.5109329,27.47024155
3/2/2016,47.87690735,28.52104759,47.33556366,83.72879791,97.97155762,83.27644348,29.51171303,59.29338074,112.8967819,27.89286041
3/3/2016,47.90352631,28.8437252,47.796875,83.82978821,98.03343964,83.87036133,29.8261261,59.311409,112.6579132,28.19472694
3/4/2016,47.92126846,29.41737366,48.14712906,84.03170776,97.85665131,84.70729065,30.05555344,59.17618561,112.4925613,28.8157177
3/7/2016,47.93901825,29.37255669,48.08732605,84.1947937,97.88316345,85.83216095,30.03006744,59.08603668,113.5306702,28.75534439
3/8/2016,48.06324768,28.8706131,47.6174736,83.86083221,97.97155762,83.97835541,29.69866371,59.32042694,111.9045944,28.25509834
3/9/2016,47.93901825,29.04987907,47.796875,84.06278992,97.94503784,84.49130249,29.8261261,59.20324707,111.94133,28.43622589
3/10/2016,47.77044296,29.09469986,47.71998978,84.01618958,98.00694275,85.0042572,29.80062294,59.03193665,111.8862152,28.36722374
3/11/2016,47.93014908,29.70419693,48.96723557,84.53655243,97.92739105,86.60606384,30.57389832,58.9147377,114.3115616,28.9882164
3/14/2016,47.91238785,29.52493286,48.86471939,84.35017395,97.99806213,86.0841217,30.50591278,58.9147377,113.9073105,28.82434273
3/15/2016,47.91238785,29.10366249,48.40340805,83.87637329,97.98035431,85.31021881,30.19610596,58.90572357,111.7300568,28.3379364
3/16/2016,48.02775192,29.68626976,48.83055115,84.7074585,98.0157547,86.88503265,30.51189804,59.1491394,111.4176941,28.93406868
3/17/2016,48.12535477,30.34058571,49.20643234,85.36763763,98.13950348,88.8647995,30.79353142,59.19421768,110.1958542,29.52156639
3/18/2016,48.22296143,30.50193024,49.1210022,85.43753052,98.17488098,88.96379089,30.74233246,59.32042694,111.7208633,29.72027779
3/21/2016,48.22296143,30.56466866,49.04412079,85.75598907,98.19259644,88.83821106,30.68258667,59.22125244,112.3439178,29.84123039
3/22/2016,48.27617645,30.49295998,48.95869827,85.59290314,98.2102356,88.96469879,30.64844894,59.09503555,113.6158295,29.7116394
3/23/2016,48.26730728,29.97309113,48.46320343,85.05695343,98.30747223,87.69994354,30.31559181,59.32943344,112.5927658,29.2537365
3/24/2016,48.32055283,29.90139008,48.13858032,84.85501099,98.18370819,87.88063812,30.11928368,59.27536011,112.4729614,29.21053886
3/28/2016,48.24069595,29.99998474,48.42903519,85.01813507,98.2986145,88.21488953,30.30705643,59.29338074,112.205658,29.28829193
3/29/2016,48.41814041,30.41228676,48.95015717,85.46083832,98.43126678,88.94663239,30.66552353,59.59090042,113.6434784,29.5734005
3/30/2016,48.42702103,30.72600746,49.31748581,85.54626465,98.537323,89.38929749,30.89595604,59.63597107,113.7080078,29.9103508
3/31/2016,48.39152527,30.69911957,48.83055115,85.70938873,98.69641113,88.69367981,30.62284279,59.77119827,113.6434784,29.87578773
4/1/2016,48.37020493,30.60948372,48.30944061,85.93471527,98.62734985,89.44348145,30.28145027,59.70620728,115.1642532,29.962183
4/4/2016,48.3613205,30.24199486,48.20692444,85.91133881,98.79558563,88.49493408,30.21317673,59.74233246,116.2610703,29.5561161
4/5/2016,48.46791077,29.65041351,47.25867081,85.68523407,98.91068268,87.92579651,29.64987755,59.89574814,114.8969727,29.00318718
4/6/2016,48.43239594,30.00894737,48.02753067,85.88793945,98.96379852,88.73882294,30.12783051,59.79647827,118.1228638,29.37468338
4/7/2016,48.45014572,29.40841103,47.32702255,85.53707886,99.30030823,87.61865997,29.70109177,60.04016113,116.924675,28.76127434
4/8/2016,48.45903778,29.91931725,48.23255157,85.80996704,99.31800079,88.41364288,30.26438141,59.96796799,116.3624496,29.26236916
4/11/2016,48.43239594,30.30473328,48.25818253,86.19204712,99.30030823,88.91951752,30.28998184,59.94992828,115.5513611,29.65115356
4/12/2016,48.3613205,30.77082634,48.97577286,86.30900574,99.25602722,89.97647095,30.75086784,59.81451416,116.4546204,30.10905647
4/13/2016,48.41462326,31.31757927,49.75317001,86.66769409,99.31800079,91.15086365,31.23734856,59.79647827,117.6528168,30.67062759
4/14/2016,48.42350388,31.16520882,49.91547775,86.77685547,99.30030823,91.04245758,31.27148628,59.70620728,117.9109039,30.51511765
4/15/2016,48.47677994,30.98594284,49.80442429,86.82363129,99.3976593,91.52125549,31.18614006,59.85062027,117.8002625,30.33368683
4/18/2016,48.40572739,31.12935257,50.23156357,86.87038422,99.44193268,91.97293854,31.46778679,59.80548477,118.9431839,30.43736458
4/19/2016,48.43239594,31.60440445,51.10292816,87.20571136,99.37109375,93.72549438,32.01401138,59.72426224,119.0906525,30.90389633
4/20/2016,48.46791077,31.46099472,51.14563751,87.27587128,99.26488495,93.53580475,32.02254868,59.55278015,119.818779,30.70519066
4/21/2016,48.30804062,31.14727592,50.83810425,86.96398163,99.29141235,93.15635681,31.83477783,59.47154236,120.5653305,30.36825562
4/22/2016,48.25476074,30.95905113,50.8637352,86.83139801,99.21175385,93.81584167,31.80918121,59.47154236,121.0261765,30.25592804
4/25/2016,48.21034622,30.76186371,50.60744858,86.48054504,99.17633057,93.07505035,31.67262459,59.37224197,120.4547348,30.01402092
4/26/2016,48.14816666,31.09349251,50.78684616,86.55853271,99.16742706,94.23139191,31.79211426,59.30005646,119.8279572,30.36825562
4/27/2016,48.20145416,31.28172684,50.82102585,86.94837952,99.20289612,94.90891266,31.84332085,59.52568817,119.7634659,30.5496769
4/28/2016,48.19256973,30.95905113,50.12905121,87.12773132,99.31800079,93.9693985,31.43364525,59.68815231,118.9155197,30.23864937
4/29/2016,48.26364136,30.82460213,49.91547775,87.04199219,99.35338593,93.45448303,31.33122253,59.67011261,117.1090393,30.17817497
5/2/2016,48.32231522,30.74392891,50.38533783,87.02626801,99.31791687,93.92424011,31.59581184,59.57610703,117.8371353,30.10042
5/3/2016,48.42900467,29.87450027,49.5566864,86.83066559,99.60176086,92.2710495,31.0666523,59.77492905,117.2841339,29.26236916
5/4/2016,48.42010498,29.39048576,48.98431396,86.62717438,99.61949158,91.46705627,30.69111443,59.87436676,115.9569168,28.84767342
5/5/2016,48.5001297,29.3815155,48.88180161,86.83066559,99.68154907,91.08763885,30.66552353,59.95569611,116.3255692,28.84767342
5/6/2016,48.54458237,29.4263382,49.01848602,86.94023132,99.65498352,91.84646606,30.73378563,59.92858124,115.7357025,28.91678429
5/9/2016,48.54458237,29.04987907,48.91597748,86.72112274,99.75255585,90.52754211,30.63137817,60.02801895,117.0905762,28.47616577
5/10/2016,48.52679062,29.60559845,49.6164856,87.10456085,99.77028656,92.14458466,31.08371735,59.98281097,118.0214844,29.04638481
5/11/2016,48.58014297,29.5338974,49.18935013,87.30805969,99.85015106,91.91873169,30.86182022,60.02801895,116.57444,28.95999146
5/12/2016,48.57125854,29.453228,49.17226028,87.48022461,99.93881226,92.054245,30.83621407,59.8924408,115.7817993,28.90815163
5/13/2016,48.55347443,28.92439651,48.66823578,87.53501892,100.036377,91.25024414,30.49481964,59.97377014,115.6527634,28.38977623
5/16/2016,48.55347443,29.27396011,49.24914932,87.58196259,99.88559723,92.61434174,30.87035561,59.8381958,117.4039459,28.71808434
5/17/2016,48.57125854,29.13951111,48.89035034,87.51937103,100.0807877,92.04521942,30.69111443,59.79301834,116.0951691,28.59711647
5/18/2016,48.40233231,28.85268974,48.90743637,86.67414093,99.81463623,90.65402222,30.66552353,59.45863724,116.6389542,28.37249756
5/19/2016,48.45566559,28.58379173,48.55718231,86.3767395,99.79690552,90.80757904,30.46068573,59.5038147,115.7357025,28.02690506
5/20/2016,48.51791382,28.8706131,48.95869827,86.46283722,99.71707916,91.47607422,30.74233246,59.47669983,116.8601761,28.3379364
5/23/2016,48.53568649,28.81683922,48.79637527,86.47064972,99.7614212,92.35237122,30.63991547,59.53996277,116.4638519,28.27745819
5/24/2016,48.50902939,29.11262321,49.50543213,86.67414093,99.64610291,93.05699921,31.01544762,59.47669983,118.288765,28.61440086
5/25/2016,48.58014297,29.46218681,50.02654266,86.91674042,99.62838745,94.17719269,31.32269669,59.5038147,119.0906525,28.94270897
5/26/2016,48.64240265,29.65938187,50.16322708,86.94805145,99.67271423,93.44544983,31.39097023,59.57610703,118.8602219,29.1327877
5/27/2016,48.67794418,29.65041351,50.11196136,86.9010849,99.54850006,93.57194519,31.34829521,59.49477005,119.5422516,29.12414169
5/31/2016,48.62459946,29.68626976,49.8727684,86.85411835,99.62838745,93.20154572,31.23734856,59.56707382,119.8924942,29.20189285
6/1/2016,48.70915222,29.66834259,49.83005142,87.15585327,99.6328125,93.4906311,31.22027969,59.57068634,120.3994217,29.1759758
6/2/2016,48.76253891,29.91034889,49.83005142,87.31298828,99.75720215,93.86101532,31.22881699,59.62499619,122.0215912,29.40924454
6/3/2016,48.94055176,30.36747932,50.15468216,88.00447083,99.88159943,94.57466888,31.47632599,59.98694229,121.3948593,29.86715126
6/6/2016,48.85154724,30.69015121,50.43659592,88.16950226,99.88159943,95.55033112,31.68969154,59.92360306,122.1875305,30.11769485
6/7/2016,48.88715363,30.96801376,50.80392838,88.31092072,99.94384003,95.75810242,31.92867279,59.95981979,121.5515213,30.41144562
6/8/2016,48.86046219,31.1920929,50.90645218,88.77452087,100.0504608,96.4808197,32.03107452,60.01410675,122.1506271,30.66199684
6/9/2016,48.93163681,30.83356094,50.28282547,88.664505,100.2193069,95.77614594,31.62995148,60.06840515,121.6713638,30.31641579
6/10/2016,48.97615433,30.05376625,48.82200623,88.32661438,100.3881226,95.18897247,30.77647018,60.1950798,120.3901978,29.54748344
6/13/2016,49.04735947,29.63249588,48.11294937,88.00447083,100.4503632,93.94230652,30.33266258,60.33082962,119.4777527,29.1759758
6/14/2016,48.99394989,29.5338974,47.34409714,87.6037674,100.619194,93.25572968,29.90178871,60.29460526,119.5146103,29.09160805
6/15/2016,49.17195129,29.84760857,47.66019058,87.94946289,100.6725159,93.71646118,30.10077858,60.448452,118.8694458,29.36121941
6/16/2016,49.10964584,29.74004745,47.76270676,87.96517944,100.8235474,93.85196686,30.10943985,60.43037415,119.2657471,29.29164696
6/17/2016,49.01172638,29.82071686,48.23255157,87.87875366,100.8413391,94.30367279,30.3949585,60.34893036,117.7910614,29.4221077
6/20/2016,48.98504257,30.34954834,49.42854691,88.47594452,100.63694,95.05347443,31.10443115,60.17700577,118.7127838,29.84826279
6/21/2016,48.91386414,30.58259392,49.83005142,88.40520477,100.6014175,94.65524292,31.34669304,60.14078903,118.267952,30.07437897
6/22/2016,48.91386414,30.66027832,49.79953766,88.79021454,100.5658798,94.64617157,31.29477882,60.22223282,118.6008682,30.11786461
6/23/2016,48.78924179,31.40104294,51.17705154,89.00236511,100.3259277,96.27894592,32.11672211,60.03220367,120.1821976,30.86581421
6/24/2016,48.98504257,29.49494362,46.78297043,88.24807739,101.0723648,91.8613739,29.48648643,60.57515717,116.6588593,29.11771011
6/27/2016,49.36774063,29.1155262,45.88497543,88.51525116,101.3923035,88.69564819,28.91543961,60.85566711,114.7723389,28.81331253
6/28/2016,49.52794266,29.97372437,47.08811569,89.16738892,101.3923035,89.56645966,29.68548203,60.81947708,117.2599564,29.63952827
6/29/2016,49.6080246,30.73255348,47.95124054,90.06317139,101.1345749,91.21735382,30.22191048,60.65660095,119.4608841,30.33529282
6/30/2016,49.57245636,31.03969955,48.66614532,90.47960663,101.2323608,92.91362,30.59396172,60.80138397,120.6723175,30.63968849
7/1/2016,49.69359207,31.33781052,48.66614532,90.82615662,101.3409805,93.2039032,30.66317177,60.86843109,121.4306183,30.86581421
7/5/2016,49.88070679,30.66932106,47.72455978,91.03141785,101.5101166,91.38970947,30.05752563,61.09495926,121.2549133,30.25702095
7/6/2016,49.92523575,30.5880127,47.63737869,91.15769958,101.56353,91.89768982,30.06617928,61.00434113,122.6605606,30.25702095
7/7/2016,49.83615494,30.50670815,47.44556427,91.12612152,102.5517273,92.23329926,29.93639183,60.97715759,122.6605606,30.12656403
7/8/2016,49.97867584,31.16617012,48.16919708,91.85235596,101.4745026,94.63710022,30.35169792,61.02243423,123.9737473,30.79624557
7/11/2016,49.92523575,31.46428299,48.8753891,92.11284637,101.3231659,95.15414429,30.7670002,60.83219528,123.8904877,31.04845047
7/12/2016,49.7292366,31.90692902,49.53798676,91.79708099,101.2074127,96.81413269,31.19960594,60.60567856,124.5285873,31.52678871
7/13/2016,49.87179947,31.85272598,49.485672,91.84444427,101.1895981,97.18605042,31.17364693,60.70533752,124.4268723,31.47460175
7/14/2016,49.80942535,32.31344223,49.91287994,91.88389587,101.0738907,97.8663559,31.44186783,60.58755875,124.787529,31.90945625
7/15/2016,49.67577744,32.24117279,49.66004562,91.86026001,100.967041,98.33805084,31.28612518,60.44258499,124.8430099,31.79639816
7/18/2016,49.63125229,32.53025436,49.78210449,91.73392487,100.9403381,98.80973053,31.35534096,60.45163727,124.879982,32.07470703
7/19/2016,49.7470665,32.19600677,49.38977814,91.75759888,100.958168,97.9933548,31.10443115,60.56943893,124.5285873,31.79639816
7/20/2016,49.7470665,32.35861588,49.83441544,91.71813965,100.8869095,98.21105957,31.32938194,60.45163727,125.7862549,31.96164131
7/21/2016,49.7292366,32.25924683,49.63388443,91.71813965,100.9047012,97.63959503,31.25151253,60.52413177,126.1561508,31.87467384
7/22/2016,49.7648735,32.49412155,49.72978973,91.7260437,100.8691101,97.75749969,31.26881409,60.49694061,126.4150543,32.08338928
7/25/2016,49.71142197,32.16890717,49.66876221,91.49712372,100.8157043,97.50350952,31.21690369,60.41540527,126.211647,31.82248306
7/26/2016,49.78269196,32.42185211,49.87800598,91.23664093,100.8780365,98.37433624,31.36399841,60.48790359,126.1746368,32.01382446
7/27/2016,50.02323151,32.53025436,50.06108475,91.64710236,101.0026398,98.43782806,31.50242996,60.641922,126.7387619,32.05730438
7/28/2016,49.98759079,32.53928757,50.00878143,91.42605591,101.0471878,98.49224091,31.50242996,60.63285065,126.692543,32.03991699
7/29/2016,49.97867584,32.71092987,50.60163116,91.71813965,101.1895981,98.02963257,31.86582184,60.83219528,127.2104263,32.21384811
8/1/2016,49.77360535,32.64768982,50.27033615,91.37012482,100.9862518,97.53072357,31.6841259,60.70880508,127.9687195,32.09210205
8/2/2016,49.58634567,32.41281891,50.01749802,91.15605164,100.9238358,97.06811523,31.52839088,60.65436172,127.3583603,31.9181633
8/3/2016,49.65767288,32.52122498,49.84313202,91.28289795,100.9506073,97.50350952,31.40725136,60.68159103,127.201149,32.09210205
8/4/2016,49.7646904,32.70189667,50.13083649,91.89338684,101.0843658,97.84820557,31.58895302,60.79952621,127.0254745,32.24864197
8/5/2016,49.74684906,33.08130646,50.35751724,91.65551758,100.888176,98.19290924,31.70143509,60.50921249,127.367569,32.60522842
8/8/2016,49.81816101,33.31618118,50.46213913,92.20253754,100.9238358,98.46504974,31.80525398,60.45479202,126.3133469,32.81394958
8/9/2016,49.95194244,33.54203033,50.86317825,92.63066101,101.0041046,98.13847351,32.06482315,60.6090126,126.6185455,33.03137589
8/10/2016,50.0767746,33.55105591,51.03755188,92.90021515,101.0576096,98.19290924,32.1772995,60.70880508,125.9527206,32.95310974
8/11/2016,50.03219223,33.98467636,51.40372086,92.75750732,100.9862518,98.61923981,32.41955948,60.49109268,126.5908203,33.33577347
8/12/2016,50.02326965,33.85821152,51.27295303,93.15390015,101.1914063,97.50350952,32.33303452,60.65436172,126.4798355,33.20531082
8/15/2016,49.94302368,34.2105217,51.47347641,93.26487732,101.0754166,98.54668427,32.47146606,60.55459595,126.8219986,33.57059097
8/16/2016,49.9251976,34.0569458,51.39500809,93.01912689,101.1468048,98.02963257,32.39359665,60.42760086,125.6105499,33.39665222
8/17/2016,49.96976852,33.84013748,51.37756348,93.30455017,101.1824493,97.93893433,32.39359665,60.50921249,125.7030563,33.27490234
8/18/2016,50.02326965,34.15632248,51.63911438,93.52653503,101.3341064,98.64646912,32.55799484,60.61808777,125.8325272,33.54450607
8/19/2016,49.93412018,33.96660995,51.25551224,93.0904541,101.2449265,98.73715973,32.31573486,60.46388626,125.6475601,33.34447861
8/22/2016,50.00544739,33.5149231,51.30783081,93.20939636,101.3965683,98.70996094,32.34168243,60.55459595,126.1746368,32.9270134
8/23/2016,50.0767746,33.37942505,51.52577972,93.28868866,101.3608551,99.3993454,32.4801178,60.50921249,126.3411026,32.76176071
8/24/2016,50.01436234,33.46975708,51.40372086,92.97154236,101.3341064,98.10220337,32.38494492,60.54550934,124.112442,32.85743713
8/25/2016,50.01436234,33.4968605,51.19448853,92.96365356,101.3341064,98.70088959,32.28112411,60.46388626,123.141449,32.84874725
8/26/2016,49.96976852,33.20778275,50.88933563,92.84470367,101.2538147,98.22918701,32.05617142,60.28242111,123.7240372,32.58782578
8/29/2016,50.05002213,33.46072006,51.04626846,93.30455017,101.3876114,99.21793365,32.1772995,60.44570923,124.0291977,32.83135223
8/30/2016,50.09460831,33.37038422,50.97652054,93.27281952,101.3430176,98.94580841,32.108078,60.43664551,123.6408234,32.77916718
8/31/2016,50.01436234,33.00000381,50.87190247,92.93190765,101.3162918,98.15660858,31.99560165,60.39130402,123.1599426,32.4660759
9/1/2016,49.96615982,33.25294876,51.22064209,92.81408691,101.2733688,98.4196701,32.26381302,60.44762039,122.9657211,32.64001083
9/2/2016,49.87690353,33.79496765,51.81348801,93.08478546,101.1483078,99.35398102,32.59259796,60.3840332,123.141449,33.13574219
9/6/2016,49.95721817,34.51766205,52.16222763,93.65799713,101.2376099,99.36307526,32.90407181,60.59295654,123.835022,33.70973969
9/7/2016,50.08218384,34.4092598,52.18837738,93.92073822,101.2376099,99.32678223,32.90407181,60.61112213,123.8720093,33.66625595
9/8/2016,49.90368271,34.31892014,52.04016876,93.49081421,101.1036224,98.72808075,32.83485413,60.39312363,124.0476837,33.59668732
9/9/2016,49.71623611,33.16260147,51.02882767,92.57525635,100.9248962,95.67119598,32.14269638,60.2750473,121.4121323,32.53564835
9/12/2016,49.63591385,33.38844681,51.44731903,92.55932617,100.8444977,96.68711853,32.39359665,60.32954025,123.3633728,32.80525208
9/13/2016,49.52877808,32.54831314,50.40982819,91.5402832,100.6389465,94.64617157,31.71122169,60.20236588,121.6803207,31.9866581
9/14/2016,49.59127426,32.64768982,50.34008026,91.71540833,100.5942535,94.51011658,31.6938324,60.31137466,121.6803207,32.10108948
9/15/2016,49.53773117,33.20778275,50.77600098,92.09757996,100.5942535,95.16323853,31.9719944,60.34771729,123.0674591,32.6116066
9/16/2016,49.59127426,32.98193359,50.12211609,91.8348465,100.6210709,94.82759857,31.58082199,60.34771729,123.3078995,32.39155197
9/19/2016,49.58234024,33.24391174,50.38367081,92.16126251,100.522789,95.21763611,31.78944778,60.29317856,122.9194717,32.66442871
9/20/2016,49.66268921,33.26197815,50.68881607,92.26477051,100.6032104,94.96697235,31.92853546,60.33861923,123.3538971,32.67321396
9/21/2016,49.76977921,34.19244766,51.57809448,93.2678833,100.5764084,96.52573395,32.53702927,60.40220261,124.5699005,33.46540451
9/22/2016,49.93938065,34.43635178,52.1012001,93.63412476,100.7104568,96.93592834,32.85866547,60.46578217,125.5167313,33.61503601
9/23/2016,49.91260529,33.99370956,51.66527557,93.3395462,100.6926117,96.49840546,32.54572296,60.51118851,125.0897217,33.17494202
9/26/2016,50.01077652,33.4968605,51.18576813,93.05294037,100.7282944,96.04261017,32.25886536,60.60202408,123.6509552,32.77005005
9/27/2016,50.07326126,33.97563934,51.42988586,93.31567383,100.8534164,96.35254669,32.41533279,60.68376923,124.6070557,33.11332321
9/28/2016,50.07326126,34.28279114,51.79605484,93.41118622,100.8712769,97.65608215,32.7021904,60.60202408,124.3564148,33.43900299
9/29/2016,50.08218384,33.6865654,51.15089035,93.03699493,100.8623276,96.81744385,32.30233002,60.6656189,122.007988,32.88447571
9/30/2016,50.01971054,33.83109665,51.55194092,93.31567383,100.7462006,97.46463776,32.51964569,60.65652847,123.3538971,33.12212372
10/3/2016,49.83742523,34.06598282,51.41244507,93.50113678,100.6969757,97.191185,32.4588089,60.51554108,123.0569153,33.34218597
10/4/2016,49.81064224,33.6865654,51.40372086,93.09338379,100.491066,95.67797089,32.36317062,60.33363342,122.852684,33.00770569
10/5/2016,49.70342636,34.17438507,51.61297226,93.11736298,100.3119888,96.37078094,32.53702927,60.25181961,123.4931488,33.5094223
10/6/2016,49.6944809,34.20148468,51.33398056,92.97345734,100.2225342,97.08179474,32.36317062,60.11541748,122.731987,33.5094223
10/7/2016,49.65875626,34.04790878,51.07242966,93.02941895,100.2404556,95.47743988,32.15455246,60.23362732,122.7783966,33.39498901
10/10/2016,49.56047058,34.41828918,51.22064209,93.37322235,100.1330032,96.0335083,32.284935,60.10628128,123.5302811,33.62384415
10/11/2016,49.59621429,33.62332916,50.49700928,92.6296463,100.0255585,94.62967682,31.81553078,60.10628128,120.4021072,32.99890137
10/12/2016,49.54259491,33.56009293,50.38367081,92.6296463,99.90922546,94.6023407,31.7720623,60.12448883,119.5852432,32.9636879
10/13/2016,49.6408844,33.26197815,50.19186401,92.84552002,99.86445618,94.03716278,31.68513489,60.20631409,119.6780701,32.76124573
10/14/2016,49.49793625,33.31618118,50.27904892,92.38175964,99.73017883,94.3015213,31.71122169,60.10628128,118.6013031,32.84926987
10/17/2016,49.53365707,33.28004837,50.13083649,92.40575409,99.76600647,94.49293518,31.65905762,60.22452927,118.3414001,32.78765106
10/18/2016,49.59621429,33.86724091,50.62778473,92.54970551,99.74810028,95.47743988,31.99807167,60.2790947,119.6316528,33.36859512
10/19/2016,49.62300873,34.07501221,50.76728058,92.66959381,99.72124481,96.24315643,32.11108398,60.29728699,119.1489792,33.54462814
10/20/2016,49.64980698,33.97563934,50.8457489,92.74958038,99.85549164,96.13376617,32.11108398,60.25181961,119.7337723,33.5006218
10/21/2016,49.63194656,33.96660995,50.7324028,93.13334656,99.86445618,96.02437592,32.04154205,60.27000809,118.8612289,33.5094223
10/24/2016,49.62300873,34.11114502,50.72369003,93.12535858,99.68540955,96.28871918,31.99807167,60.20631409,118.638443,33.67664719
10/25/2016,49.63194656,34.14728165,50.68881607,93.16535187,99.83758545,95.24954987,31.9719944,60.18816376,118.183609,33.65024948
10/26/2016,49.53365707,33.78594208,50.46213913,92.62165833,99.76600647,95.02166748,31.81553078,60.14268875,117.0604477,33.40379333
10/27/2016,49.32817078,33.4968605,50.4011116,91.8300705,99.59590912,94.83935547,31.78076363,60.03355026,117.3481903,33.14853668
10/28/2016,49.34603882,33.36135101,50.38367081,91.60617828,99.70333862,94.90314484,31.76337051,60.06081772,115.0554276,32.9636879
10/31/2016,49.39070511,33.55105591,50.40982819,91.70213318,99.77493286,95.06723785,31.73729324,60.09719849,114.4985046,33.22774887
11/1/2016,49.29321289,33.28004837,50.19186401,91.60821533,99.67450714,94.46559143,31.65037155,60.15094376,113.9693985,32.98130035
11/2/2016,49.41842651,32.88256836,49.8518486,91.5118866,99.88079071,93.92778015,31.41566467,60.25108719,113.2268219,32.60280228
11/3/2016,49.33793259,32.79222488,49.79953766,91.75271606,99.91662598,94.00982666,31.39827919,60.26020432,111.908699,32.52359009
11/4/2016,49.38265991,32.45798874,49.3200264,91.52796173,99.96146393,94.51118469,31.13748932,60.3421402,112.8090973,32.18031311
11/7/2016,49.38265991,33.63235474,50.00006485,92.26647186,99.88079071,95.90586853,31.5634346,60.15094376,115.7237625,33.27176666
11/8/2016,49.32004929,33.84917068,50.13955307,92.50730133,99.83591461,96.26138306,31.64167595,60.01435471,116.0950699,33.43020248
11/9/2016,49.01592636,32.7470665,50.18314743,91.13460541,99.0109024,98.75908661,31.5895195,59.52263641,120.1793213,32.54999161
11/10/2016,48.81916809,31.81658936,50.04365921,87.77111816,98.49079132,99.7618103,31.48520279,59.30414581,121.7016373,31.60818291
11/11/2016,48.74758911,31.21133995,49.73851013,87.26543427,98.30245972,98.95962524,31.23311234,59.20395279,120.2907333,31.02723503
11/14/2016,48.62236023,30.98549652,49.46824265,86.82391357,97.21736908,99.67064667,31.0940361,58.94899368,120.1607819,30.87761116
11/15/2016,48.77442169,31.60881996,49.68619919,88.31697845,97.57609558,100.1537704,31.28527832,59.02184296,120.5413284,31.45853615
11/16/2016,48.7207756,31.34684563,49.16309357,88.26080322,97.35189819,99.98969269,30.99841309,59.00364685,119.9194183,31.2032814
11/17/2016,48.70286942,31.39201164,49.53798676,88.07618713,97.21736908,100.0261612,31.20704079,58.83063889,120.550621,31.21208191
11/18/2016,48.64025879,31.24747658,48.99744415,87.57849884,97.21736908,99.86207581,30.92886734,58.63031769,119.3810425,31.14167213
11/21/2016,48.59552765,31.55461693,49.4159317,87.96379089,97.15459442,101.0926819,31.19834518,58.69404984,119.7709045,31.44972992
11/22/2016,48.78339005,32.03340149,49.53798676,88.34910583,96.93939209,102.0315857,31.29395676,58.73046112,118.0629425,31.79302025
11/23/2016,48.67604065,31.69012451,49.36361313,87.6908493,96.59863281,102.4235764,31.18095779,58.57565689,118.7220078,31.48494911
11/25/2016,48.69392776,31.84369278,49.51182556,87.74702454,96.65242767,102.6788101,31.24180984,58.51194382,119.2696762,31.65218353
11/28/2016,48.77442169,31.97016335,49.25027847,88.05210876,96.53585052,102.1592178,31.12879753,58.72135925,118.0443726,31.81062126
11/29/2016,48.89070129,32.01533127,49.56414413,87.96379089,96.01571655,102.2412567,31.30264664,58.73046112,118.7220078,31.82822227
11/30/2016,48.77442169,32.06953812,49.51182556,87.74702454,95.68392181,103.0252151,31.25919724,58.54837036,117.5616989,31.8810463
12/1/2016,48.48427582,31.69012451,49.3200264,87.25942993,95.70101166,102.9158325,31.18095779,58.44809341,116.3920975,31.52015686
12/2/2016,48.69919586,31.72625732,49.4420929,87.31582642,95.94358063,103.0890198,31.26788712,58.57568741,116.8098221,31.48494911
12/5/2016,48.65442276,31.98823166,49.93031311,87.6865921,95.88970947,104.264946,31.51128578,58.56658554,116.8469391,31.69618988
12/6/2016,48.50217438,32.15987015,50.27033615,88.11380005,96.45572662,104.4563522,31.7286129,58.54836655,117.4595871,31.82822227
12/7/2016,48.64546967,32.70189667,51.02011871,88.62963104,97.18354797,105.8328247,32.14584732,58.70336151,116.2807236,32.30354309
12/8/2016,48.57384109,32.84642792,50.97652054,88.57321167,97.08470917,106.7352905,32.17193604,58.60306168,116.5777512,32.45317459
12/9/2016,48.5200882,32.67478943,51.19448853,88.20245361,96.95893097,106.5529709,32.26754761,58.41159821,117.8587189,32.30354309
12/12/2016,48.40366745,32.45798874,50.96780396,88.42813873,96.77024078,105.8601608,32.16324615,58.42983246,118.3507004,32.03947449
12/13/2016,48.54697037,32.81933594,51.51706314,88.70218658,96.84210968,105.6231689,32.50226593,58.39337921,119.0561523,32.36515045
12/14/2016,48.55593109,31.84369278,50.75856781,87.92841339,96.6803894,104.3976746,31.9719944,58.07429504,118.5351486,31.43213272
12/15/2016,48.54697037,31.89790154,50.64522171,87.76720428,96.35691833,105.1304092,31.91983986,57.91930008,119.3832932,31.57296562
12/16/2016,48.64546967,31.75336266,50.68009567,87.9445343,96.4197998,104.6174927,31.92853546,57.96489334,119.3832932,31.37932777
12/19/2016,48.80667114,31.53655052,50.60163116,88.33946991,96.63545227,104.54422,31.90246773,58.12898636,118.9172974,31.16807556
12/20/2016,48.77980423,31.64495087,50.77600098,88.49260712,96.67138672,104.8281403,31.9719944,58.10162354,118.9452515,31.22113609
12/21/2016,48.80667114,31.51338577,50.79009247,88.78279877,96.77922821,104.8647919,31.9719944,58.17456818,118.171669,31.12385178
12/22/2016,48.77419281,31.13877106,50.67558289,88.80944824,96.91687012,104.0954132,31.88435936,58.10691833,118.1623459,30.83198357
12/23/2016,48.8734436,31.32150841,50.80771255,88.94680023,97.01585388,104.388504,31.9544735,58.20747375,119.2062225,30.98233795
12/27/2016,48.86440277,31.45856285,50.7460556,88.86603546,96.98887634,104.9288788,31.91065407,58.10691833,119.3273926,31.13269806
12/28/2016,48.93659592,31.69612312,50.55226135,88.98720551,97.23178101,103.8206329,31.84930611,58.26232529,118.3767166,31.32727432
12/29/2016,49.02681351,32.21692657,50.67558289,89.197258,97.39370728,103.8389511,31.96323395,58.38117599,118.4792328,31.81372452
12/30/2016,48.98170853,31.98849678,50.85175323,89.05187988,97.3307724,102.9871292,32.02458191,58.43603134,118.1530304,31.64567566
1/3/2017,48.81027985,32.37226105,51.16886139,89.35886383,97.24078369,103.8206329,32.22616196,58.48174286,119.6163101,31.99060249
1/4/2017,48.83734512,32.61895752,51.7502327,89.91636658,97.4387207,105.588356,32.62055969,58.50003052,120.7813492,32.28248978
1/5/2017,48.8012619,32.97529984,52.19065094,90.61117554,97.6276474,105.2036743,32.90977097,58.72858429,121.3032608,32.61857224
1/6/2017,48.67494583,32.83824539,52.01448059,90.56268311,97.48370361,104.9655228,32.7783165,58.57315063,121.6760941,32.48590469
1/9/2017,48.8012619,32.81083298,51.93520355,90.45768738,97.72660828,104.6999207,32.69944,58.7194519,122.5987778,32.43283463
1/10/2017,48.74712372,33.00270462,51.94401932,90.31222534,97.69960785,105.2311478,32.73448563,58.70116043,123.03685,32.60973358
1/11/2017,48.83734512,33.39559174,52.21707916,90.40112305,97.996521,106.0646591,32.96236038,58.75600433,121.6015396,32.89274979
1/12/2017,48.8012619,33.54177856,52.29634857,90.57884979,98.30243683,105.6708298,32.98865891,58.78343582,121.7879181,32.97235107
1/13/2017,48.74712372,33.51438141,52.49014664,90.6192627,98.21247864,105.661644,33.11135101,58.64630127,122.1047974,32.93697739
1/17/2017,48.79224396,33.49610901,52.29634857,90.99091339,98.27542114,105.0662994,33.02371216,58.91142654,121.3405609,32.90158844
1/18/2017,48.74712372,33.31336594,52.14661026,90.35262299,98.05951691,105.8906403,32.87471771,58.61888123,121.3032608,32.77777863
1/19/2017,48.64788055,33.21285629,52.01448059,90.13448334,97.6546402,105.0205002,32.81336212,58.46346664,120.5203629,32.68932724
1/20/2017,48.58472443,33.27680969,52.31397247,90.24758148,97.46568298,105.8448181,32.97113037,58.49088287,120.2500839,32.74239731
1/23/2017,48.73810577,33.77021027,52.44610596,90.67581177,97.57365417,106.2020264,33.04124832,58.77430344,119.588356,33.19346237
1/24/2017,48.64788055,33.98036575,52.578228,90.37684631,97.44769287,108.8765488,33.18146515,58.55487823,118.9825363,33.43227005
1/25/2017,48.4764595,34.35498047,53.12435532,90.27185059,97.29475403,109.5635071,33.50574112,58.41774368,120.0543518,33.72412872
1/26/2017,48.42232132,34.20878601,52.91295624,90.19911957,97.30375671,109.6642456,33.40058136,58.51831818,119.1875763,33.58262634
1/27/2017,48.49449158,34.23619843,52.82487106,90.46575165,97.44769287,109.453598,33.32169724,58.54573441,120.0730057,33.61799622
1/30/2017,48.41329193,34.05346298,52.44610596,90.26374054,97.44769287,108.2079239,33.08506393,58.53659058,119.3646545,33.44996643
1/31/2017,48.50352859,34.11741638,52.525383,90.59500122,97.58264923,107.850708,33.19900131,58.64630127,121.2939453,33.46763611
2/1/2017,48.45384979,34.13568878,52.73678207,90.61284637,97.43482208,108.3453064,33.31292343,58.61151886,122.1514282,33.53840637
2/2/2017,48.45384979,34.28188324,52.76320648,90.88053131,97.57904053,108.1254883,33.36551666,58.56576538,122.3844223,33.65338516
2/3/2017,48.47190857,34.4920311,52.97461319,91.40777588,97.54298401,108.3361511,33.50574112,58.62980652,123.0927811,33.86564255
2/6/2017,48.42677689,34.40979767,52.59584808,91.40777588,97.70523071,108.1895905,33.26034164,58.84948349,123.0927811,33.78606033
2/7/2017,48.54415894,34.23619843,52.54299927,91.29421997,97.77735901,107.3652725,33.23404312,58.85863876,123.0088959,33.66222763
2/8/2017,48.64348221,34.44634628,52.63108444,91.65113068,97.97567749,107.621727,33.28664017,59.04167938,122.9343262,33.92756271
2/9/2017,48.65251541,34.60168076,52.85129166,91.52945709,97.74133301,107.887352,33.40934372,58.83118057,123.7358551,34.10445786
2/10/2017,48.5892868,34.92147827,52.97461319,91.66736603,97.75933075,108.7849579,33.53203201,58.78543472,123.8290787,34.41400146
2/13/2017,48.5892868,35.03111267,53.18602371,91.76464844,97.6872406,109.719223,33.65473938,58.70304489,124.5933075,34.54668427
2/14/2017,48.56222153,35.0676651,53.10674286,91.66736603,97.42582703,109.7375259,33.63720703,58.53830338,125.6838074,34.59973907
2/15/2017,48.56222153,35.35091019,53.30934525,91.64302063,97.25453186,109.8291168,33.75990677,58.46508789,127.0352325,34.8562355
2/16/2017,48.62543869,35.22299194,53.43265533,91.59436035,97.49791718,109.7375259,33.83003235,58.65727997,126.7928772,34.75894165
2/17/2017,48.68863678,35.07678986,53.29172134,91.6186676,97.62413788,109.4169464,33.71609116,58.77625656,127.0445404,34.64397049
2/21/2017,48.5983429,35.46055222,53.46789169,91.75656128,97.62413788,110.2046585,33.86508942,58.74881363,127.5571594,34.92699432
2/22/2017,48.74281693,35.57019043,53.46789169,91.88632965,97.75933075,110.1405334,33.83879089,58.8220253,127.2775421,35.01543427
2/23/2017,48.82406616,35.57933044,53.58240891,92.1540451,97.84046936,109.1421814,33.90013885,58.9227066,127.9579239,35.03312302
2/24/2017,48.96855927,35.1590271,53.19482803,92.3325119,98.12892914,109.1696472,33.61091232,59.12404251,128.7128906,34.66166306
2/27/2017,48.95953369,35.04939651,53.23006439,92.11347198,98.00273132,109.0688934,33.62844086,58.94100952,129.5983429,34.52013779
2/28/2017,48.93242264,34.71131897,53.15078735,92.11347198,98.09286499,108.9864655,33.54956818,58.90438843,129.0763855,34.21943283
3/1/2017,48.87460709,35.25040054,53.70572281,92.14685059,97.77037811,111.1663818,33.87384796,58.57171631,130.5862732,34.76778412
3/2/2017,48.82037354,34.62908173,53.3533783,91.71530914,97.72521973,109.6917343,33.66349792,58.47089386,130.1575317,34.14867401
3/3/2017,48.82940674,34.8940506,53.67049408,92.13871765,97.60778046,109.810791,33.83003235,58.49839783,130.7633514,34.44054413
3/6/2017,48.84749603,34.91233063,53.50313187,92.10612488,97.58071136,108.9773254,33.71609116,58.52588654,130.0736389,34.49361038
3/7/2017,48.82940674,34.94888306,53.31814957,92.04098511,97.56265259,108.1254883,33.62844086,58.45258713,129.0670624,34.53783417
3/8/2017,48.69384384,34.61994934,53.12435532,91.32440186,97.4000473,108.1254883,33.45316315,58.32426834,129.551712,34.19289017
3/9/2017,48.59444046,34.34583664,53.3269577,90.75437927,97.2193985,107.5759277,33.59338379,58.2326355,130.3439026,33.90103149
3/10/2017,48.49502182,34.72958755,53.77619553,91.13711548,97.31874847,108.0797043,33.85631943,58.30594635,130.7073975,34.18404388
3/13/2017,48.44983292,35.21384811,54.05806732,90.99053955,97.31874847,108.5926208,34.01407623,58.2326355,130.7540283,34.61743546
3/14/2017,48.54924774,35.01284027,53.64406586,90.71368408,97.35489655,107.8415527,33.75990677,58.26011276,130.1668549,34.42284775
3/15/2017,48.73905182,35.92653656,54.41040802,91.95144653,97.66203308,109.7283859,34.28576279,58.60837936,131.7513275,35.22770691
3/16/2017,48.60346603,36.1458168,54.67466736,91.67456818,97.59879303,109.1879578,34.42598343,58.50756073,130.6794739,35.46649933
3/17/2017,48.55828094,36.08186722,54.81560135,92.04916382,97.65296936,109.7558594,34.47858047,58.58088303,129.9524841,35.43113708
3/20/2017,48.6125145,36.50216293,54.70108795,92.24458313,97.77942657,110.039772,34.46104813,58.68168259,129.8220062,35.77607727
3/21/2017,48.68480301,36.10013962,54.4544487,92.25270844,98.00526428,107.8323822,34.25947189,58.80998993,128.4146576,35.3426857
3/22/2017,48.80228806,36.27374268,54.46326065,92.34228516,98.12267303,108.1621246,34.30329514,58.88331223,128.6476593,35.51191711
3/23/2017,48.77518082,36.28287506,54.58658981,92.48072052,98.19494629,108.6384201,34.39969635,58.86500168,128.1536713,35.52963257
3/24/2017,48.82037354,36.37424088,54.73632431,92.61916351,98.25813293,107.5465698,34.48767853,58.86500168,128.455719,35.62709808
3/27/2017,48.84749603,36.27374268,54.8772583,92.61101532,98.41171265,107.822525,34.56686401,58.95663452,128.904541,35.52076721
3/28/2017,48.84749603,36.37424088,55.14151764,92.57844543,98.3484726,109.0367126,34.72522354,58.81916046,128.9606323,35.609375
3/29/2017,48.97401047,36.43821335,55.14151764,92.87971497,98.54721069,109.0642853,34.76040649,58.94746017,129.0541077,35.66253662
3/30/2017,48.9378624,36.24632263,54.94773483,92.71688843,98.37559509,109.3402405,34.62844467,58.82833481,129.1382751,35.45875549
3/31/2017,48.91980362,35.99049759,54.86845398,92.58660126,98.41171265,109.4046326,34.57565689,58.93831635,128.8671417,35.1929512
4/3/2017,49.06993866,36.19150925,54.78917694,92.83757019,98.47322845,108.8527145,34.54046249,58.82820129,128.7268524,35.46760941
4/4/2017,49.05184174,36.20978165,54.77156067,92.66586304,98.52754974,109.2574539,34.52287674,59.09430313,128.5678711,35.54735184
4/5/2017,49.09706879,36.10013962,54.48086929,93.00918579,98.61804199,108.8527145,34.33810425,59.20440292,128.081665,35.4853363
4/6/2017,49.11515808,36.03617859,54.48968506,92.96015167,98.69046783,109.4230347,34.36450195,59.15855408,128.3715057,35.42331696
4/7/2017,49.12421417,35.97221375,54.4544487,92.9029007,98.75383759,109.5610199,34.32051468,58.98418045,128.5865784,35.41445541
4/10/2017,49.11515808,35.82602692,54.39279175,92.89476013,98.8443222,109.5150146,34.32051468,59.03923798,128.4183044,35.24610519
4/11/2017,49.14228821,35.74380112,54.64823532,93.0500946,98.98908997,109.6162033,34.46128464,59.25028992,128.1752014,35.28154373
4/12/2017,49.21465302,35.91740417,54.60419846,93.31985474,99.15201569,108.006485,34.43489075,59.39710999,128.1752014,35.40559006
4/13/2017,49.27797699,35.76207352,54.25185394,93.27898407,99.22439575,106.8475189,34.21494293,59.47052002,128.0536041,35.21952057
4/17/2017,49.27797699,36.13668823,54.58658981,93.42609406,99.20632935,107.5373917,34.49647522,59.42464447,128.3808594,35.52076721
4/18/2017,49.36841583,35.67983627,54.3399353,93.59777832,99.50497437,107.5465698,34.29412079,59.69991302,127.1372757,35.10434341
4/19/2017,49.31415176,35.46055222,54.11972809,93.32801056,99.43258667,107.5833664,34.13576889,59.57146072,127.5861053,34.84738922
4/20/2017,49.2598877,35.89912415,54.55134964,93.39341736,99.31491852,108.9907074,34.44369125,59.50720596,128.352829,35.21067047
4/21/2017,49.2598877,35.89912415,54.58658981,93.63045502,99.33301544,108.9263077,34.46128464,59.53476715,127.6422195,35.17522049
4/24/2017,49.23274612,36.4107933,55.96951675,93.9165802,99.09770966,110.3152695,35.21790695,59.44298172,128.8671417,35.58280182
4/25/2017,49.11515808,36.73059082,56.36590576,93.67947388,98.85336304,111.8697739,35.44664764,59.22275925,129.5964508,35.83975601
4/26/2017,49.13325882,36.59353256,56.2073555,93.66314697,98.92575836,111.7501831,35.31467819,59.40628052,130.2322845,35.70684052
4/27/2017,49.20561218,36.54784775,56.2602005,93.8757019,98.98007965,111.4374619,35.36746216,59.45215607,130.6810608,35.59165573
4/28/2017,49.1603775,36.60267258,56.19854355,94.16995239,98.94385529,110.6004105,35.34106064,59.40628052,131.0270538,35.74228668
5/1/2017,49.16582489,36.81282425,56.42757034,94.04195404,98.76521301,110.5636139,35.43785095,59.27672577,131.3449402,35.88404083
5/2/2017,49.24728394,37.07779694,56.71825027,94.37841034,98.91029358,110.4992447,35.64899826,59.4237442,131.5413055,36.06126022
5/3/2017,49.27444077,36.83110046,56.60373688,94.26353455,98.99191284,109.2850647,35.53463364,59.34104156,130.9522552,35.80430222
5/4/2017,49.17487335,36.41993332,57.14106369,93.83682251,98.96474457,109.3586426,35.78975296,59.18482971,131.7003326,35.42331696
5/5/2017,49.19297791,36.72145081,57.77527618,93.93527222,99.02817535,110.7843781,36.15048218,59.25833893,131.6815948,35.62709808
5/8/2017,49.12056732,36.71231842,57.34365845,93.68091583,99.00099945,109.846138,35.98332214,59.14808655,130.6249847,35.40559006
5/9/2017,49.09339905,37.17829895,57.20272064,93.59064484,98.9556427,109.2298737,35.92173767,59.1113205,130.8681335,35.80430222
5/10/2017,49.12962341,37.42499924,57.29079819,93.86141968,99.05541229,109.8277435,35.97451782,59.12051392,130.6624146,36.08782959
5/11/2017,49.05718613,37.50722885,57.1498642,94.01733398,99.1460495,109.5334015,35.90414047,59.12051392,130.7184601,36.07010651
5/12/2017,49.20204163,37.66255951,57.46696854,94.34557343,99.30930328,109.275856,36.0625,59.35942841,130.5875702,36.26504517
5/15/2017,49.12962341,38.04630661,57.75765228,94.41945648,99.31832886,110.2968674,36.27364731,59.30429077,131.3636932,36.60172272
5/16/2017,49.12962341,38.08285904,58.12761307,94.43585205,99.44528961,110.4716415,36.45840073,59.34104156,130.9709625,36.63716888
5/17/2017,49.31971741,37.43413162,57.46696854,94.42763519,99.76265717,108.1444702,36.01851273,59.69021988,129.1008606,36.08782959
5/18/2017,49.3559227,36.81282425,57.56386566,93.94348145,99.87149811,107.9605026,36.08889008,59.64427567,129.727356,35.42331696
5/19/2017,49.3106575,37.59860611,58.23332214,94.3045578,99.88964081,108.944725,36.50239182,59.57994843,130.0265503,36.05238342
5/22/2017,49.27444077,37.63514328,58.30379105,94.26353455,99.9168396,109.0183105,36.59915924,59.60750961,130.3818665,36.04352951
5/23/2017,49.27444077,37.67169571,58.31258774,94.320961,100.0166092,109.3862381,36.56398392,59.48806381,130.8681335,36.02581024
5/24/2017,49.30160904,37.81788254,58.34782791,94.68205261,100.0528412,109.8921509,36.64316177,59.57994843,131.2420959,36.14985275
5/25/2017,49.37403488,38.00062561,58.34782791,94.60816193,100.0709915,109.7817764,36.63435364,59.56157684,131.7937775,36.33591843
5/26/2017,49.48267365,38.13768005,58.18047333,94.77229309,100.161644,110.0025101,36.53758621,59.60750961,131.5132599,36.42452621
5/30/2017,49.49170685,37.9366684,58.11880112,94.82155609,100.2704697,109.8369675,36.47599411,59.70858002,131.1859894,36.36249542
5/31/2017,49.51887131,37.64428329,58.18927765,94.88720703,100.4608917,109.8737411,36.5463829,59.76373291,131.6722107,36.09669113
6/1/2017,49.45273209,37.96408081,58.56804276,95.0470047,100.3754883,111.3362808,36.79272842,59.65884018,133.4394684,36.36249542
6/2/2017,49.46180344,38.15595245,59.2110672,95.56599426,100.6298599,111.5938187,37.14463806,59.85206223,134.3557587,36.47767639
6/5/2017,49.45273209,38.11026382,58.88514328,95.40122223,100.548111,111.1707077,36.98627472,59.75085068,133.8602295,36.47767639
6/6/2017,49.55241394,38.12854004,58.71778488,95.59895325,100.7388687,111.1523209,36.89829636,59.88886261,133.5142365,36.50426483
6/7/2017,49.52523422,38.08285904,58.73540878,95.51654816,100.7297974,111.244278,36.87190247,59.77846146,133.9537201,36.47767639
6/8/2017,49.57052231,38.31128311,58.62969971,95.37652588,100.6116714,111.8513718,36.8191185,59.77846146,133.8882599,36.5485611
6/9/2017,49.58865738,38.01890182,58.40949249,95.170578,100.5208588,113.1483536,36.68714523,59.72325134,134.4773407,36.30047607
6/12/2017,49.62487411,37.81788254,58.18927765,95.16231537,100.5027008,112.5964508,36.57276917,59.69565201,134.1594543,36.16756439
6/13/2017,49.58865738,38.00062561,58.63850784,95.31062317,100.4754333,113.9945908,36.88949585,59.70484161,134.5895538,36.33591843
6/14/2017,49.67924881,37.99148941,58.59446335,95.51654816,100.6207886,112.605629,36.8455162,59.87046051,135.1786194,36.30933762
6/15/2017,49.6067543,37.59860611,57.98667908,95.21177673,100.5027008,111.5662308,36.44960403,59.77846146,135.0290222,35.99036026
6/16/2017,49.58865738,37.66255951,58.47996521,95.20352936,100.5662689,111.9341812,36.7751236,59.83364868,135.2347412,36.10555649
6/19/2017,49.6067543,38.03717422,58.71778488,95.10464478,100.5027008,112.9091873,36.90709305,59.71405411,136.8616791,36.34477615
6/20/2017,49.70642853,37.61676025,58.24516678,94.65979004,100.584465,112.2193222,36.57276917,59.82444382,137.2544098,35.91061783
6/21/2017,49.71549606,37.69937897,58.17355347,94.46212769,100.5753403,111.1247177,36.53895187,59.83364868,139.1618958,36.04704285
6/22/2017,49.7517395,37.89213943,58.164608,94.66807556,100.6116714,111.3178787,36.61015701,59.87046051,140.5831451,36.1807785
6/23/2017,49.71549606,38.09408951,58.30782318,94.98112488,100.6662216,111.8881683,36.69026566,59.87046051,140.639267,36.31451797
6/26/2017,49.74266434,38.46126175,58.40629196,95.15407562,100.7025375,112.1549301,36.76147842,59.87965775,140.2558899,36.69790649
6/27/2017,49.52523422,38.01147461,58.39733124,94.65979004,100.5753403,111.4834595,36.75257492,59.72325134,138.7130585,36.31451797
6/28/2017,49.49805069,38.30521011,58.90755081,94.76693726,100.4481735,112.820488,37.08191299,59.71405411,139.6962891,36.52849579
6/29/2017,49.20811081,37.81870651,58.32572937,94.32210541,100.1120148,111.785614,36.70807266,59.58522797,138.4203491,36.11836624
6/30/2017,49.25341034,37.99311447,58.36153412,94.2067337,100.03936,112.3584671,36.77927399,59.48402023,138.2608643,36.40368271
7/3/2017,49.16180801,38.21341705,58.28992462,93.90325165,99.99568176,113.3379364,36.70807266,59.3826561,138.5986176,36.57307434
7/5/2017,49.17087936,38.13998413,58.28992462,93.82054901,100.1140137,112.9128799,36.72586823,59.41952515,139.4804993,36.51066208
7/6/2017,49.08018112,37.68101501,58.0303421,93.30783081,100.0502701,112.3677368,36.50334167,59.32739639,137.5384521,36.10944748
7/7/2017,48.99856567,37.75445175,58.0392952,93.36573029,99.9865799,112.9590759,36.56565857,59.32739639,138.3921967,36.20752335
7/10/2017,49.05297852,38.11244965,58.18251038,93.77922058,100.0229874,113.6428375,36.62796402,59.35502625,137.9137573,36.46607971
7/11/2017,49.01671982,38.42454147,58.31678009,93.87017822,100.0593948,113.6705551,36.74367142,59.44716263,137.941864,36.72464752
7/12/2017,49.17087936,39.1680603,58.78223801,94.42424011,100.2050323,114.8440323,37.07302094,59.53929901,138.9082184,37.42008591
7/13/2017,49.14367294,39.3608284,58.95231628,94.43251038,100.1959,114.8717575,37.17983246,59.53009415,138.9832611,37.52707672
7/14/2017,49.12554169,39.85651016,59.36407089,94.67234039,100.4507904,115.3522339,37.44685364,59.58536911,139.8088837,37.91046143
7/17/2017,49.16180801,39.67292786,59.24770355,94.70542145,100.4598923,115.7126083,37.384552,59.64066315,139.4148407,37.71432114
7/18/2017,49.25250626,39.7922554,59.30140305,94.97831726,100.6419373,115.2136612,37.46466064,59.74201584,139.4241943,37.77672577
7/19/2017,49.29783249,40.12271118,59.56098938,95.08583832,100.7784576,116.4795151,37.64268112,59.74201584,140.3905487,38.14227676
7/20/2017,49.30689621,40.07681656,59.80266571,95.11894226,100.8967361,115.6202011,37.76729965,59.73278809,141.319397,38.06203079
7/21/2017,49.41574097,40.04927444,59.56994247,95.34220886,100.9695892,115.4076843,37.669384,59.83414841,141.2537079,37.98179245
7/24/2017,49.37039185,40.16860962,59.40882111,95.15196991,100.9786758,115.2967911,37.59818268,59.76045227,141.4319305,38.12443542
7/25/2017,49.27062225,40.06763458,59.48937225,94.87081146,100.8330383,116.5257263,37.62487793,59.56694031,140.4093018,38.06203079
7/26/2017,49.32505035,40.39809799,59.85637665,95.38355255,100.9423065,115.6571655,37.86520386,59.71437836,139.9120789,38.33842468
7/27/2017,49.32505035,40.17778778,59.72211456,95.24294281,100.8512421,115.1212311,37.72279358,59.6867218,138.6642914,38.14227676
7/28/2017,49.34316635,40.15942764,59.78476715,95.24294281,100.8694992,114.5853043,37.75839615,59.76963425,139.3773041,38.28493881
7/31/2017,49.33411789,40.20532608,59.91007614,95.31739807,100.9150085,113.9939728,37.83851242,59.73278809,139.0864563,38.34733582
8/1/2017,49.5320015,40.32465363,60.2412796,95.42865753,100.9651413,114.0956039,38.05213547,59.82137299,138.5517273,38.50783157
8/2/2017,49.45937347,40.3613739,60.26813126,95.5614624,101.0107346,114.1510391,38.03433609,59.79368973,138.2702179,38.59700012
8/3/2017,49.58646011,40.19615173,60.30394745,95.89356232,101.2204819,113.2455215,37.98093033,59.94130707,138.4672546,38.45434189
8/4/2017,49.58646011,40.34301376,60.38448715,95.66940308,101.1110153,113.7629547,38.03433609,59.81211472,138.2984161,38.55241776
8/7/2017,49.55922699,40.61839294,60.41135025,95.84378052,101.1840057,113.9015503,38.06102753,59.81211472,138.6267395,38.85555267
8/8/2017,49.51382828,40.62756729,60.08909988,95.64447784,101.120163,112.8759384,37.86520386,59.80292511,137.9512787,38.80204773
8/9/2017,49.59552002,40.26040649,59.99063873,95.67771149,101.2204819,112.7557983,37.76729965,59.87672424,137.9700012,38.58806992
8/10/2017,49.6590538,39.3057518,59.14028549,95.27920532,101.384613,111.3882828,37.22433853,60.0151062,135.9341431,37.69648743
8/11/2017,49.73166275,39.39754105,59.03286743,95.45352173,101.4575653,111.2496872,37.21543503,60.08893204,136.6096344,37.81238556
8/14/2017,49.6590538,39.80143738,59.4625206,95.66940308,101.3937378,112.2938156,37.47356415,59.96899033,137.4164886,38.14227676
8/15/2017,49.6409111,39.84732819,59.41776657,95.69433594,101.2660828,112.3399963,37.43795395,59.84904099,137.5853577,38.11552811
8/16/2017,49.59552002,40.26040649,59.75792313,95.77734375,101.2842941,113.3286896,37.669384,59.95051956,137.9325104,38.57915115
8/17/2017,49.69536209,39.74635696,59.08657074,95.69433594,101.3207855,111.4991531,37.24213409,60.06122589,136.1311798,38.08877563
8/18/2017,49.68628693,40.08598709,59.24770355,95.93512726,101.3390045,111.573082,37.3489418,60.04278564,135.6620789,38.36517334
8/21/2017,49.71351242,40.23286438,59.22978592,96.02644348,101.384613,111.5545959,37.35784531,60.07970047,136.2155914,38.46324921
8/22/2017,49.69536209,40.68265152,59.51623154,96.05962372,101.3572617,112.9868011,37.54476929,59.98741913,137.9325104,38.80204773
8/23/2017,49.74074173,40.87541199,59.52518463,96.26718903,101.5031662,112.9221268,37.56258011,60.12582016,136.8911133,38.98929214
8/24/2017,49.74074173,41.00392532,59.39091873,96.3667984,101.4757996,112.8112335,37.51807785,60.05202103,137.3977051,39.07844543
8/25/2017,49.74074173,41.24258423,59.74895859,96.62419891,101.5031662,113.1531067,37.7406044,60.08893204,137.285141,39.40834045
8/28/2017,49.7679863,41.09571838,59.74895859,96.47476196,101.5214233,113.4303284,37.7406044,60.16273117,138.2796326,39.39941406
8/29/2017,49.7861557,41.02227783,59.50728226,96.53286743,101.6581726,113.0145187,37.58037567,60.25497818,138.5235443,39.31918335
8/30/2017,49.7679863,41.08653641,59.42672729,96.8483429,101.6490707,113.8183975,37.52697754,60.19041443,139.2834625,39.36376953
8/31/2017,49.79520798,41.15079498,59.88323212,97.21369171,101.7220306,114.7608871,37.84741211,60.27346039,141.7227936,39.49749756
9/1/2017,49.76705933,41.45370865,59.96379089,97.12280273,101.6251755,115.6571655,37.91861725,60.1440773,141.797821,39.78279877
9/5/2017,49.89423752,40.91213226,59.56098938,97.44785309,101.8535843,114.4190216,37.64268112,60.43973541,141.1504669,39.47967148
9/6/2017,49.86698532,41.17833328,59.92798615,97.26448059,101.8261414,114.6684799,37.91861725,60.26420593,141.797821,39.76496887
9/7/2017,49.92148972,41.48124695,60.42030716,97.6395874,101.9814606,114.9364395,38.23016739,60.49515533,143.0456085,39.96112442
9/8/2017,49.92148972,41.2058754,60.429245,97.73126984,102.0088577,114.8994827,38.22125244,60.48592377,143.6460876,39.70256042
9/11/2017,49.84881973,41.75662994,60.90365982,97.56456757,101.8261414,116.2485275,38.50608444,60.28267288,144.7156067,40.16620255
9/12/2017,49.73980713,41.71072769,61.09163666,97.36451721,101.7621918,117.0616608,38.58620453,60.15334702,145.0908813,40.09486389
9/13/2017,49.71255493,41.49043274,60.76044083,97.36451721,101.6434555,116.9600067,38.40818405,60.10713959,144.5185547,39.82738876
9/14/2017,49.6035347,41.60057831,60.8678627,97.43119812,101.6434555,117.1910095,38.51499176,60.07942581,144.6968536,39.90762711
9/15/2017,49.6035347,41.84841919,60.92156219,97.56456757,101.6160278,117.3203735,38.53279495,60.05171967,144.3121948,40.17510605
9/18/2017,49.55809402,41.99528885,61.0021286,97.37288666,101.5886383,118.1612015,38.59510422,60.01476288,144.3590546,40.13945389
9/19/2017,49.61261749,42.08708572,61.28856277,97.23117065,101.5886383,118.6416702,38.78202438,59.95007324,143.1676178,40.17510605
9/20/2017,49.55809402,41.89431763,61.15429688,96.6060791,101.3876572,119.2607727,38.68280411,59.8022728,143.4959412,40.05965424
9/21/2017,49.55809402,41.89431763,61.02898026,96.88111877,101.4607315,118.9743118,38.6202507,59.81150055,142.7922821,40.09572601
9/22/2017,49.6035347,41.65565491,61.21694565,97.0478363,101.579483,118.6139679,38.70962524,59.89464951,142.8016968,39.85217667
9/25/2017,49.68529892,40.94884872,60.8678627,96.95613098,101.6343002,118.7063904,38.53980637,59.98703766,142.4545441,39.11250687
9/26/2017,49.67620087,40.83869171,60.73358917,96.9227829,101.6069031,118.3737259,38.39680481,59.92236328,142.0886383,39.10348129
9/27/2017,49.56718063,40.69182968,60.7783432,96.51441193,101.3328247,118.5807724,38.45043564,59.7837944,142.3004913,38.88699341
9/28/2017,49.54902649,40.6642952,60.93946838,96.7144165,101.2962723,119.3606644,38.57556915,59.8022728,142.5734558,38.90504074
9/29/2017,49.59443283,41.13243866,61.29751968,97.03111267,101.2871933,119.3235321,38.79900742,59.73760223,143.3548431,39.30192947
10/2/2017,49.53896713,41.14161301,61.2437973,96.94075775,101.2862396,120.8832855,38.75431442,59.7005806,144.8986969,39.3380127
10/3/2017,49.52987671,41.79334259,61.44968414,96.91569519,101.3136978,121.5146561,38.90625381,59.78385925,144.8798676,39.87923813
10/4/2017,49.53896713,41.78416061,61.33330917,96.9909668,101.3686218,121.440361,38.83475113,59.75610733,145.4447021,39.92433929
10/5/2017,49.58442688,42.09626389,61.29751968,97.04117584,101.3686218,122.0810089,38.79900742,59.7005806,145.6612244,40.17691803
10/6/2017,49.57533646,41.88514328,61.25275421,96.79855347,101.3228836,121.8860092,38.75431442,59.63579559,145.5388336,40.0235672
10/9/2017,49.61171341,41.85759735,61.2706604,96.66465759,101.4052353,121.7560349,38.77219009,59.66357422,144.4845276,39.8882637
10/10/2017,49.58442688,42.27066422,61.85248566,96.84035492,101.3960571,121.7096176,39.12969971,59.71909714,144.7010345,40.27614212
10/11/2017,49.57533646,42.46343231,62.0046463,96.94911194,101.4693069,121.8024673,39.26377106,59.7005806,145.0022583,40.3934021
10/12/2017,49.64809799,42.44507599,61.95094681,97.13321686,101.5425186,122.0995331,39.26377106,59.76534653,144.8516541,40.3934021
10/13/2017,49.72993088,42.83060837,62.27318954,97.40931702,101.6340485,122.7680359,39.46040726,59.88564682,144.3809509,40.75421906
10/16/2017,49.81175995,42.80306244,62.22843552,97.23361206,101.7256088,122.6380768,39.42464828,59.74684525,143.9102325,40.71813583
10/17/2017,49.82085037,42.58276749,62.06729889,97.28382874,101.8536987,122.1831207,39.33526993,59.74684525,145.5482788,40.51969147
10/18/2017,49.78448105,42.68373871,62.24633026,97.30056763,101.79879,121.9602966,39.40677261,59.65432739,145.7459717,40.55576324
10/19/2017,49.79358673,42.30738068,62.14786911,97.40931702,101.8262558,122.4059601,39.33526993,59.71909714,146.461441,40.25809097
10/20/2017,49.70264435,42.46343231,62.06729889,97.09136963,101.6798019,123.3808212,39.28164673,59.58030319,146.7720795,40.42046738
10/23/2017,49.73902512,42.12379837,61.93304825,97.00772095,101.7164078,123.0001602,39.18333435,59.58953857,146.3202209,40.05965424
10/24/2017,49.68446732,42.12379837,62.0315094,96.88217926,101.6157379,124.0028687,39.27270889,59.50627899,145.2752991,40.16788864
10/25/2017,49.68446732,42.03200531,61.78982544,96.71483612,101.3686218,123.2694092,39.11183167,59.46000671,144.9646301,40.07768631
10/26/2017,49.76629639,41.74744797,61.78086472,96.43038177,101.2679367,124.5692368,39.06713867,59.42299652,143.5713654,39.87022018
10/27/2017,49.8026619,42.35328674,61.92409897,96.89056396,101.2862396,124.1235962,39.21908188,59.52476883,143.7031403,40.35731506
10/30/2017,49.91178513,42.08708572,62.06729889,97.17501831,101.4052353,123.3993988,39.30845642,59.66357422,142.2157745,40.03258896
10/31/2017,49.90268707,42.48179626,62.32689667,97.26709747,101.3777618,123.7243347,39.48722076,59.62657547,142.2816315,40.25809097
11/1/2017,49.94637299,42.70209503,62.38955307,97.2881012,101.3438339,124.3463745,39.57659531,59.58948898,142.225174,40.35731506
11/2/2017,49.99187851,42.75717163,62.57752991,97.55684662,101.3988724,123.6222,39.6570282,59.69141388,141.8956604,40.48360825
11/3/2017,50.01008224,42.53686142,62.47906494,96.94371796,101.5455627,123.4365311,39.62128067,59.73776627,143.2136383,40.24906921
11/6/2017,50.082901,43.01419067,62.56858063,96.80931854,101.6464539,123.027977,39.69278336,59.74701691,142.6770172,40.63696289
11/7/2017,50.17390823,42.73880386,62.33584595,96.29693604,101.9031754,123.07444,39.55872345,59.74701691,142.8182526,40.38438034
11/8/2017,50.13749695,42.94075394,62.54172516,96.25498962,101.9307251,123.1208496,39.72853088,59.71922302,143.1100769,40.52870941
11/9/2017,49.9736824,42.67455673,62.18367004,96.05338287,101.8389893,121.8674622,39.46040726,59.71922302,143.0818329,40.37535858
11/10/2017,49.88266373,42.49097061,62.01359558,96.12895966,101.5455627,121.5796356,39.36209106,59.53390121,142.2346039,40.22201157
11/13/2017,49.89176559,42.39917755,61.75401688,96.23818207,101.5455627,122.2574158,39.21014023,59.49683762,142.3381348,40.14083099
11/14/2017,49.95547485,42.11462021,61.70926666,96.16259003,101.4905701,121.0040054,39.17439651,59.5616951,141.6321106,39.87022018
11/15/2017,50.02827835,41.89431763,61.41388321,96.22976685,101.6281281,120.3262405,38.98669815,59.67288208,141.2743835,39.54547882
11/16/2017,50.0191803,42.76635361,61.90619278,96.61615753,101.5272522,121.9231796,39.36209106,59.57095718,142.912384,40.24906921
11/17/2017,50.02827835,42.97747421,61.68241501,96.79254913,101.4722137,122.1645508,39.21014023,59.60802078,142.4887695,40.47458267
11/20/2017,50.05558777,43.19777679,61.81668472,96.76733398,101.3713684,122.4431,39.28164673,59.52462387,141.9521637,40.64597321
11/21/2017,50.10110474,43.77607346,62.28215408,96.9017334,101.3438339,123.1579971,39.58552551,59.51538086,143.2136383,41.1511116
11/22/2017,50.17390823,43.88621902,62.45220947,97.31327057,101.1787796,122.953743,39.71959305,59.6358223,143.2230225,41.28641891
11/24/2017,50.12839127,43.79442978,62.96242523,97.27968597,101.0045471,123.5664978,39.96985245,59.61730194,143.5807343,41.1330719
11/27/2017,50.17390823,43.15188217,62.58646774,97.3216629,100.9678955,122.8887634,39.71959305,59.65436172,143.5337219,40.70911789
11/28/2017,50.05558777,43.47315598,62.94452286,97.45609283,100.8211517,124.1514359,39.91623688,59.64509201,144.5975189,40.95266342
11/29/2017,49.98277664,42.78470993,62.69389343,97.10329437,100.6377792,124.2999954,39.74641037,59.51538086,145.1717529,40.38438034
11/30/2017,50.0191803,42.31655884,62.75655365,97.0025177,100.9036789,124.8477478,39.82685089,59.41343689,146.376709,40.12277985
12/1/2017,50.17221832,42.07790375,62.50592422,97.32206726,101.1931,123.9007416,39.71066284,59.52016449,146.188385,39.73490906
12/4/2017,50.199543,42.16051865,62.28215408,97.38111115,101.229866,125.0612946,39.54977798,59.45519257,144.1267853,39.87022018
12/5/2017,50.2359848,42.13297653,62.14786911,97.51602173,101.6157303,124.3556747,39.49615479,59.48302841,143.769043,39.8070755
12/6/2017,50.28153229,41.56385422,62.02254868,97.60033417,102.2037506,123.4922104,39.31739807,59.56655121,143.5619354,39.31095505
12/7/2017,50.24508667,41.68319321,62.18367004,97.39797974,102.1118622,124.3463745,39.43358612,59.49233246,143.9384918,39.36506653
12/8/2017,50.26329041,42.16969681,62.51486206,97.41481781,101.5789871,124.4392319,39.6570282,59.46448898,145.5576782,39.81608582
12/11/2017,50.28153229,42.38082123,62.67598724,97.36425018,101.4595337,124.5506592,39.73747635,59.45519257,145.9060059,40.07768631
12/12/2017,50.22686005,42.09626389,62.75655365,97.39797974,101.4319992,124.5227966,39.76428223,59.41807556,146.4237976,39.78902435
12/13/2017,50.28153229,42.60112,62.9982338,97.67621613,101.7902985,124.7827606,39.9341011,59.6036911,146.9227295,40.22201157
12/14/2017,50.29063416,42.28902435,62.64912796,97.72679138,101.8638306,123.3618393,39.74641037,59.55726242,145.4554138,39.96943665
12/15/2017,50.3361702,42.38082123,62.63123322,97.85330963,101.7627411,124.0238113,39.71959305,59.51089859,146.9860077,40.07768631
12/18/2017,50.31797028,42.85814285,63.37417221,97.95448303,101.5882034,126.0284042,40.16648865,59.46448898,147.1654968,40.49262238
12/19/2017,50.14489746,42.63170242,63.14169312,97.74367523,101.2758179,125.9351578,40.04135513,59.31599808,146.9765472,40.38438034
12/20/2017,50.12667847,42.68761444,63.03314972,97.59191895,101.0552826,126.2242126,40.01455307,59.22321701,146.68367,40.43850327
12/21/2017,50.08113098,42.96716309,63.25929642,97.58428955,101.2181931,126.5411911,40.14269638,59.22321701,146.4569244,40.83910751
12/22/2017,50.09024048,43.33058548,63.42212677,97.90575409,101.2550278,126.9700928,40.24197769,59.22321701,146.0506287,41.17444611
12/26/2017,50.10038376,43.29330826,63.40402985,97.95648956,101.4114838,127.026062,40.25100708,59.27432632,146.1167755,41.21975327
12/27/2017,50.19262314,43.40513992,63.52163315,98.04954529,101.8993073,127.1192856,40.3502655,59.41375351,146.4852295,41.21069717
12/28/2017,50.11883545,43.70331573,63.557827,98.08338165,101.8716965,127.7439575,40.47662354,59.37657547,146.68367,41.41008759
12/29/2017,50.15572357,43.90832138,63.60303879,98.21025085,101.9269409,127.4549408,40.48564529,59.43235016,145.6349335,41.60948181
1/2/2018,50.04504395,44.73766327,64.07344055,98.46403503,101.7888565,129.4408722,40.83761597,59.31151581,147.4489746,42.3254776
1/3/2018,50.08194351,45.16630936,64.38101959,98.42173004,101.9085236,130.2893524,41.09031296,59.33010483,148.9134369,42.73332977
1/4/2018,50.09115219,45.38994598,65.08660126,98.67551422,101.6968002,131.1564331,41.46033096,59.28363419,148.9512329,42.9961586
1/5/2018,50.09115219,45.78132629,65.44844055,98.73474884,101.6876144,132.2193451,41.65888596,59.2464447,150.122818,43.3768158
1/8/2018,50.10038376,45.78132629,65.43035126,98.55710602,101.6968002,132.4524536,41.64083481,59.20927048,149.4047852,43.3858757
1/9/2018,50.0727005,45.70677948,65.50273132,98.25254822,101.5955887,131.9302979,41.67692566,59.06984711,151.2565918,43.3768158
1/10/2018,50.01736069,45.41790771,65.37607574,97.96494293,101.4022903,131.4268341,41.56863403,59.0884285,151.0770721,43.18648148
1/11/2018,50.01736069,45.69746017,65.8283844,98.09184265,101.4391022,133.4780579,41.83937836,59.1070137,151.8518677,43.46744919
1/12/2018,49.98968887,46.13542175,66.48875427,98.23564148,101.2918549,133.5899353,42.2364769,59.06053162,152.9100494,43.9296875
1/16/2018,50.03582382,45.95837784,66.42542267,98.24409485,101.3194427,131.9302979,42.19135666,59.03264999,153.1462402,43.7121582
1/17/2018,49.99891281,46.56407166,66.7691803,98.26947784,101.3838654,132.5176849,42.41697311,58.97688675,154.6862793,44.32846069
1/18/2018,49.98046112,46.61997986,66.68776703,98.04106903,101.3470535,132.1820374,42.31769943,58.86535645,154.7240906,44.40097046
1/19/2018,49.99891281,47.00203323,67.05864716,97.76194763,101.2826157,133.2542725,42.50721741,58.76310349,155.4421539,44.81787491
1/22/2018,50.03582382,47.2722702,67.40241241,97.77882385,101.2642288,132.983902,42.73284149,58.77238846,157.0105743,45.18040085
1/23/2018,50.0727005,47.49591446,67.61950684,97.96494293,101.2458267,133.0118866,42.86821365,58.89323425,156.6515503,45.34354782
1/24/2018,50.00813675,47.89660263,67.73710632,97.82115173,101.1445694,133.4780579,43.00360489,58.81887054,156.9349823,45.7604599
1/25/2018,49.99891281,47.8686409,67.47476959,97.95648956,101.2458267,134.3545227,42.85017014,58.88393402,158.2388458,45.59730911
1/26/2018,49.98968887,48.53025055,68.07181549,98.14260101,101.0157242,134.7554016,43.21116257,58.74451065,161.2717133,46.20455551
1/29/2018,49.89743805,47.79410172,67.44763184,97.60966492,100.7119904,133.4687042,42.81406021,58.67944336,161.063858,45.47949219
1/30/2018,49.88820648,47.14181137,66.88677216,97.44049072,100.6659775,132.2193451,42.48917007,58.61437988,157.8325653,44.89944458
1/31/2018,49.86977386,47.55181885,66.79631042,97.58428955,100.7579956,131.9862366,42.40794754,58.56790924,155.5177612,45.17135239
2/1/2018,49.84113312,46.90885162,66.98628998,97.54185486,100.3448868,130.4291992,42.5162468,58.37244034,155.7256165,44.74536514
2/2/2018,49.75803757,45.70677948,65.62937164,96.78701782,100.2250519,126.9981155,41.59570694,58.31657791,153.4391022,43.73934555
2/5/2018,49.91501236,44.10401535,62.87935257,96.235672,100.1235886,122.7371597,39.89902496,58.65167999,146.7309113,42.33453751
2/6/2018,49.8965416,45.53904343,64.1186676,96.41379547,100.3633194,125.832634,40.67516708,58.47481918,148.365448,43.3858757
2/7/2018,49.83191681,44.10401535,63.44021606,96.24416351,100.1881256,124.8070068,40.12465668,58.37244034,148.3371124,42.15327072
2/8/2018,49.80422211,42.57579041,61.78478622,95.15846252,100.1973419,120.4807968,39.13191605,58.44691086,143.1594849,40.74846268
2/9/2018,49.85037994,43.25603867,62.04710388,94.87857819,100.1604614,122.1217651,39.40266037,58.4189682,144.8601685,41.36476898
2/12/2018,49.80422211,43.9362793,62.99695587,95.03124237,100.1881256,124.6671371,39.9261055,58.36312866,146.4569244,41.93575668
2/13/2018,49.82268524,44.27174377,62.80699539,94.68349457,100.2157822,124.5925903,39.77267456,58.44691086,146.5136261,42.26203156
2/14/2018,49.76728439,45.38063812,63.91966248,94.47142792,99.93913269,126.6251144,40.55784607,58.17695999,148.488266,43.13211441
2/15/2018,49.74882507,46.3124733,64.31768799,95.09059143,100.0682373,127.4362564,40.81957245,58.15834045,150.3117828,43.93874359
2/16/2018,49.88728714,46.16338348,64.60715485,95.71826935,100.1697006,127.4549408,40.96396255,58.26073837,151.1809998,43.77558899
2/20/2018,49.81344986,45.52972794,64.00107574,95.09059143,100.0774841,126.7556381,40.5488205,58.22350311,149.5937195,43.3858757
2/21/2018,49.82268524,45.49245453,63.69351578,94.75981903,99.86537933,126.3174515,40.395401,58.1304245,149.1685486,43.33149719
2/22/2018,49.86882782,45.520401,64.0282135,94.86161041,99.93913269,126.9794388,40.56686783,58.20487213,148.7150421,43.3858757
2/23/2018,49.95192719,46.33111191,64.53478241,95.57408905,100.1604614,128.5644684,40.97299576,58.3258934,151.0676575,44.09281158
2/26/2018,49.96117783,46.759758,65.14087677,95.83702087,100.0682373,129.1704865,41.29788589,58.37244034,152.9100494,44.50972748
2/27/2018,49.95192719,45.3992691,64.17295074,95.65888977,100.0498352,127.3990173,40.66614151,58.20487213,151.2849731,43.31337738
2/28/2018,49.99811172,44.74698257,63.56686783,95.45534515,100.1512299,125.0867081,40.24197769,58.29796982,148.9984589,42.75144958
3/1/2018,50.08404541,44.66311646,62.49941254,95.10652161,100.4330826,124.3035583,39.71853256,58.49466324,146.7025299,42.74238586
3/2/2018,50.01935959,44.84948349,62.79794312,95.42980194,100.1373825,124.4620361,39.83584595,58.34550858,148.4599304,42.85114288
3/5/2018,50.05631638,44.91471863,63.13264847,95.28517151,100.1651001,125.767334,39.99831009,58.30823135,149.8677063,42.97803116
3/6/2018,50.00087738,45.33404541,63.50353241,95.42980194,100.0912094,127.2684555,40.33222961,58.28958893,149.9811096,43.10491562
3/7/2018,50.08404541,45.38063812,63.48545074,95.32772827,100.2390213,127.0167313,40.28709793,58.31755447,150.736908,43.09585953
3/8/2018,50.11177063,45.38994598,63.62114334,95.33621216,100.3037033,126.8395615,40.40442276,58.37348557,151.7856903,43.12305069
3/9/2018,50.08404541,46.35906601,64.0282135,95.52338409,100.0912094,129.0306549,40.7022438,58.29891205,154.0060425,43.8934288
3/12/2018,50.12101746,46.47088623,64.10058594,95.50637054,99.99878693,128.8907928,40.76541519,58.36414337,153.6753082,44.04750061
3/13/2018,50.14871597,46.05155182,63.67541504,95.35323334,100.1373825,128.3127136,40.51272202,58.43872452,153.6847992,43.62152863
3/14/2018,50.25962067,46.12610626,63.82919312,95.5659256,100.1928253,126.5505371,40.57589722,58.4853363,152.938385,43.67590332
3/15/2018,50.26886368,45.95837784,63.79301071,95.48934937,100.1743317,125.1519775,40.56686783,58.45737839,152.4943237,43.50370026
3/16/2018,50.29658508,45.85587311,63.74778748,95.48082733,100.257515,125.2987823,40.51272202,58.40142441,152.5303497,43.36775208
3/19/2018,50.29658508,45.3619957,63.23214722,95.08100128,100.2297821,123.5878525,40.17880249,58.37348557,150.1341705,42.95990372
3/20/2018,50.32429886,45.86519241,63.22310257,94.88530731,100.1373825,123.1484451,40.21490097,58.29891205,150.2667236,43.33149719
3/21/2018,50.27809525,46.13542175,63.32262039,95.17458344,100.1373825,124.59758,40.31417465,58.34550858,149.9068451,43.56715393
3/22/2018,50.43518829,44.59789276,62.14661789,94.89382935,100.4145737,120.6147842,39.57413101,58.50396729,145.6638336,42.1895256
3/23/2018,50.41669464,43.69400024,61.45912933,94.51099396,100.3221664,118.4551163,39.08679581,58.57855988,142.7751923,41.57322311
3/26/2018,50.42594147,45.11039734,62.56275177,95.08100128,100.2482681,120.848526,39.786129,58.44805145,145.7301331,42.8254776
3/27/2018,50.51833725,44.29037857,62.10139847,95.22561646,100.4792557,119.5583191,39.46001053,58.6624527,143.7033539,42.18981934
3/28/2018,50.51833725,44.06673813,62.46324158,95.47234344,100.6270752,118.2587814,39.65024567,58.63448715,144.2432098,41.89923096
3/29/2018,50.57380676,44.98925781,63.03314972,95.98279572,100.6455841,120.51194,40.08507156,58.70905685,145.4081268,42.66202927
4/2/2018,50.59414673,44.17855835,62.16472244,95.79841614,100.5789032,117.7632599,39.48718643,58.74080276,141.7996826,42.03543854
4/3/2018,50.59414673,44.61651993,62.56275177,95.86673737,100.4307938,119.4461365,39.79518509,58.62877274,143.7507172,42.44408035
4/4/2018,50.59414673,44.63516235,62.77985382,95.97766876,100.4400558,120.2127762,39.88576889,58.60073853,145.9669189,42.58029175
4/5/2018,50.46466446,44.74698257,63.19597244,95.94354248,100.2734146,122.5594254,40.18470764,58.49803162,145.8248291,42.67110825
4/6/2018,50.57563019,43.87105179,62.77985382,96.08863068,100.4770737,119.6611633,39.85859299,58.7128067,142.2637329,41.9173851
4/9/2018,50.58488083,43.9176445,63.29548645,95.99477386,100.4400558,120.2408295,40.20283127,58.70346069,143.7696533,41.88106155
4/10/2018,50.53863907,44.77493286,63.9739418,95.84109497,100.4307938,122.9240646,40.64670563,58.6194191,146.4499512,42.66202927
4/11/2018,50.54789352,44.79357147,63.72968674,95.87522888,100.4770737,122.0732803,40.4564743,58.6194191,145.4365234,42.71651077
4/12/2018,50.5109024,44.77493286,63.9739418,95.87522888,100.3382416,123.3167191,40.61047363,58.47936249,146.5067749,42.70742798
4/13/2018,50.54789352,44.32765579,64.03726196,95.95210266,100.4122925,123.2886658,40.64670563,58.50739288,146.3457794,42.26246643
4/16/2018,50.53863907,44.383564,64.1367569,95.83257294,100.3474884,124.9248199,40.71917725,58.49803162,147.3212585,42.29878998
4/17/2018,50.6033783,44.47674942,64.42623901,95.62770081,100.4770737,126.4300461,40.92752838,58.50739288,148.7418976,42.33510971
4/18/2018,50.58488083,44.85880661,64.76094055,95.62770081,100.3845139,127.3649673,41.17211533,58.33929443,148.9124146,42.6347847
4/19/2018,50.44615936,44.59789276,64.51670074,95.29483795,100.1901016,126.215004,40.98188019,58.26461411,147.6243286,42.39867783
4/20/2018,50.42765427,44.03878784,64.27246857,94.8765564,100.1345673,125.5138168,40.78258896,58.15257645,146.9235077,41.89923096
4/23/2018,50.37215805,43.68468857,64.19104004,94.64607239,100.0419998,124.878067,40.73730087,58.07786179,147.2928467,41.61771774
4/24/2018,50.39065933,43.47967911,63.92870712,94.50097656,99.92163849,121.9423676,40.55612183,58.07786179,146.0047913,41.42702103
4/25/2018,50.34440231,43.14421463,63.8201561,94.1595459,99.59766388,122.5781555,40.46553421,58.03116608,146.4972992,41.11826324
4/26/2018,50.44615936,43.76855087,64.1367569,94.23635101,99.79205322,123.307373,40.76446915,58.09654236,148.3251953,41.54506683
4/27/2018,50.50165176,44.03878784,64.2000885,94.3132019,99.89389038,122.6435623,40.80977249,58.18990326,148.9124146,41.76301956
4/30/2018,50.50165176,43.72195816,63.99202347,94.01441193,99.94943237,121.0915985,40.59235382,58.18990326,146.7340546,41.48150635
5/1/2018,50.52294922,43.50763321,63.76586914,93.84392548,99.97540283,120.7830811,40.55612183,58.13472366,146.8856201,41.24540329
5/2/2018,50.48590851,43.16285706,63.7387352,93.09851074,100.1238098,120.6428223,40.50176239,58.17214584,145.1713562,40.97297668
5/3/2018,50.5784874,43.06966782,63.93775177,92.99568939,100.3463974,120.8578796,40.58329773,58.23760605,143.9779968,40.84584045
5/4/2018,50.55069733,43.26535797,64.16390228,93.0728302,100.4020462,122.6248856,40.73730087,58.25631332,145.1713562,41.04561615
5/7/2018,50.58773422,43.01375961,64.17295074,92.68727875,100.4205627,122.6996918,40.72824097,58.23760605,145.3229065,40.93666077
5/8/2018,50.48590851,43.25603867,64.18199158,92.13891602,100.4484177,122.3630905,40.72824097,58.19085693,144.2432098,41.14551163
5/9/2018,50.50442886,43.33990097,64.33579254,91.97614288,100.4484177,124.0459747,40.85506058,58.08796692,145.2565613,41.19999695
5/10/2018,50.49517059,44.24378586,64.75190735,93.14135742,100.5318985,125.008934,41.14493942,58.13472366,147.065567,42.01727295
5/11/2018,50.49517059,44.16924286,64.92376709,93.53549194,100.6617355,124.962204,41.22646713,58.16278839,149.3006897,41.87198639
5/14/2018,50.42110443,44.22514343,65.04138184,93.37268066,100.6339188,125.0930862,41.29893494,58.08796692,150.2288666,41.99911499
5/15/2018,50.31928635,43.31194687,64.57097626,92.73010254,100.3556747,124.8687057,40.95471191,57.90092087,148.4767151,41.19999695
5/16/2018,50.31928635,43.96423721,64.66143799,92.92714691,100.3278503,126.4861069,41.08152771,57.80739594,149.4333191,41.78117371
5/17/2018,50.27300262,43.29330826,64.76094055,92.55871582,100.2907333,126.8881531,41.13589096,57.8167572,149.5185089,41.19999695
5/18/2018,50.30078125,42.92989349,64.52574921,92.4559021,100.4391327,127.1499405,40.99094391,57.97573471,149.9068451,40.81860352
5/21/2018,50.31928635,43.19080734,64.93281555,92.47306061,100.4391327,127.6547852,41.25364304,57.98509598,149.9636841,41.08194733
5/22/2018,50.28226471,43.33990097,64.85140991,92.83293152,100.476265,126.682457,41.22646713,57.99444199,149.5374603,41.24540329
5/23/2018,50.38408661,43.32126236,64.1367569,93.40697479,100.6988449,126.4019547,40.83694458,58.1534462,150.0962677,41.06377792
5/24/2018,50.38408661,43.08831024,63.93775177,93.68969727,100.8843536,125.990593,40.70106125,58.22826385,149.660614,40.91849518
5/25/2018,50.42110443,43.26535797,63.52163315,93.92102814,100.9585342,125.4016113,40.47459412,58.43400955,149.660614,41.01837921
5/29/2018,50.31003952,42.25896454,62.22803116,93.66400146,101.3666382,123.5971985,39.65929794,58.8735733,148.2683716,40.11028671
5/30/2018,50.39333725,42.5944252,63.17787552,93.63827515,101.1254807,125.1024246,40.22999954,58.68653107,150.3804169,40.46445084
5/31/2018,50.38408661,42.57579041,62.77985382,93.25273132,101.1996918,123.971199,40.01259232,58.6491127,148.9881439,40.50985718
6/1/2018,50.37203979,43.17217636,63.32262039,92.91891479,101.0231094,125.5605545,40.31153107,58.50297546,150.5887756,40.96389389
6/4/2018,50.39057541,43.61013412,63.51258087,92.88452911,100.9766541,126.1308441,40.4927063,58.35308838,151.2422638,41.39070511
6/5/2018,50.37203979,43.27467346,63.41306686,93.03076935,101.1717987,127.0751419,40.44742203,58.45614243,151.204361,41.02746201
6/6/2018,50.13116074,43.92696381,63.98298645,92.82428741,101.0138321,129.1787109,40.79164886,58.28752136,152.8144684,41.61771774
6/7/2018,50.14042282,43.25603867,63.62114334,92.566185,101.1717987,128.5055389,40.55612183,58.46551132,152.5113678,40.98205948
6/8/2018,50.13116074,43.17217636,63.69351578,92.65222168,101.143959,128.8608398,40.62859344,58.41867447,153.581604,40.95481491
6/11/2018,50.12189484,43.17217636,64.10058594,92.47153473,101.0788803,129.0758667,40.89129257,58.3812027,153.7615814,40.9003334
6/12/2018,50.1774826,43.0603447,63.69351578,92.08436584,101.0695724,129.0478516,40.63764954,58.3437233,153.9983215,40.87308502
6/13/2018,50.23307419,42.77148056,63.78397369,91.79185486,100.9859467,127.7856293,40.65576935,58.27814865,153.9983215,40.57341003
6/14/2018,50.39057541,42.4826088,63.64827347,91.68000793,101.1253433,127.8978424,40.55612183,58.3812027,154.8317871,40.35547638
6/15/2018,50.50175095,42.14714432,63.32262039,91.8692627,101.1160583,127.0938263,40.2753067,58.41867447,155.286377,40.13753891
6/18/2018,50.49249268,41.63463211,62.87031937,91.3788681,101.1346359,126.8133698,39.99448395,58.43740845,153.9320221,39.67440796
6/19/2018,50.67778015,41.17504501,62.29277802,91.35308075,101.2368698,124.5882111,39.55965805,58.52171707,154.4434357,39.2203598
6/20/2018,50.68704605,41.35325623,62.33891296,91.55092621,101.1903839,124.410614,39.64118958,58.42802429,155.1253662,39.34749603
6/21/2018,50.70557022,40.77174377,61.89606476,91.88650513,101.320488,123.1016922,39.3694191,58.52171707,154.0362091,38.79356766
6/22/2018,50.71483994,41.19380569,62.55111313,92.40270233,101.2182846,124.6817093,39.79136658,58.54045105,154.4623718,39.1088829
6/25/2018,50.63146973,40.64043427,61.68387604,91.98112488,101.2554626,122.7370758,39.2318306,58.57792282,152.7955017,38.59705353
6/26/2018,50.63146973,40.4809761,61.79458237,91.85206604,101.2368698,123.3167191,39.2776947,58.61539459,152.4545441,38.44168472
6/27/2018,50.73336411,39.7025032,61.2133522,91.67139435,101.3855667,122.6716385,38.91996384,58.76527405,150.6834717,37.59169388
6/28/2018,50.62218857,40.0401535,61.44399643,91.85206604,101.2926178,123.1884308,39.05754471,58.71844101,151.1208496,37.94813538
6/29/2018,50.68704605,40.64043427,61.78535461,91.86066437,101.3391037,123.6206741,39.35107803,58.69033813,151.3205414,38.5696373
7/2/2018,50.74084473,40.23711777,61.22257996,91.85720825,101.3046646,123.1132507,38.92913055,58.62465668,151.9766693,38.14921188
7/3/2018,50.75009155,40.2652626,61.40708923,92.15097809,101.5188599,122.9253235,39.01168442,58.71848297,152.4711151,38.18576813
7/5/2018,50.81501007,40.16208267,62.01600647,92.73847961,101.4536591,124.0904694,39.25934982,58.73724747,154.0590515,38.14921188
7/6/2018,50.81501007,40.71546555,62.34812927,93.53334045,101.5188599,124.6824875,39.52535629,58.77478027,156.2079926,38.61533737
7/9/2018,50.85210419,41.44704437,62.94781494,93.79251099,101.4536591,125.9604111,39.88309479,58.69033432,157.2349243,39.31910324
7/10/2018,50.82427597,41.35325623,62.92013931,93.95665741,101.5002441,126.8248825,39.92895889,58.64340973,157.7388916,39.28253174
7/11/2018,50.86137772,40.54663849,61.86838531,93.56787109,101.6492462,124.8892212,39.2318306,58.72785187,156.6739044,38.55136108
7/12/2018,50.89845657,41.10001755,62.34812927,93.74931335,101.6678772,125.0301208,39.56204987,58.69972229,158.4710541,39.09060669
7/13/2018,50.91699982,41.12815094,62.54187393,94.23312378,101.7610016,125.0019684,39.67211914,58.80292511,158.6897583,39.11802673
7/16/2018,50.89845657,40.90305328,62.5141983,93.99123383,101.6958084,123.9119492,39.68130112,58.71848297,157.586731,38.8986702
7/17/2018,50.93556595,41.20318604,62.62490463,93.98258209,101.7144394,125.6033554,39.72715759,58.69033432,158.604187,39.20027924
7/18/2018,50.92626953,41.15629196,62.63412857,93.89620209,101.7703323,125.8570633,39.74550247,58.66218185,158.6326752,39.16371155
7/19/2018,50.99120712,40.64981079,62.50497055,93.87892151,101.8913956,125.1711197,39.58040237,58.77478027,158.0241241,38.71587753
7/20/2018,50.89845657,41.23132706,62.8001976,93.79251099,101.7330704,124.6542969,39.8188858,58.66218185,157.6437683,39.21856308
7/23/2018,50.75009155,40.9593277,62.8001976,93.67156982,101.5561295,124.1468658,39.75468063,58.47452927,158.0717163,39.09974289
7/24/2018,50.76864624,41.55960464,63.1692276,93.58516693,101.5002441,125.4529953,40.00234985,58.51205444,158.8513947,39.68468094
7/25/2018,50.76864624,42.23490524,63.63975143,94.42323303,101.5281677,126.2423096,40.30504227,58.45576477,160.5914459,40.31532669
7/26/2018,50.69446564,41.76594162,63.35375595,94.50098419,101.5374603,127.0692139,40.13993835,58.39945602,160.4868774,39.92232132
7/27/2018,50.73155212,41.91601181,63.47368622,94.66510773,101.5095367,126.5993576,40.24082947,58.47452927,158.9179535,39.97716141
7/30/2018,50.69446564,41.85035706,63.46445084,94.39729309,101.4350281,126.2423096,40.21331406,58.46514511,158.6517029,39.92232132
7/31/2018,50.75937653,42.07546234,63.54748917,94.22449493,101.4909286,127.3041153,40.25001144,58.5026741,160.3252411,40.10511398
8/1/2018,50.62942505,41.70029068,63.22458267,93.82631683,101.3313065,126.0637589,40.1124115,58.41808701,160.6960754,39.80350113
8/2/2018,50.56446457,41.14691162,62.80942154,93.7482605,101.4339828,125.1053162,39.80971527,58.49327087,161.5233154,39.34652328
8/3/2018,50.647995,41.46580124,62.84632874,93.95646667,101.4806442,126.1671295,39.86474609,58.58727646,162.1508942,39.59328079
8/6/2018,50.68512726,41.14691162,62.57878113,93.80028534,101.5086517,126.3362732,39.67211914,58.60607147,162.4361572,39.29167557
8/7/2018,50.70367813,41.56898117,63.06773376,93.66152954,101.3686295,126.5242081,39.91978836,58.53087234,162.4741821,39.64812469
8/8/2018,50.69439697,41.51269913,63.01239395,93.66152954,101.4246292,126.2047348,39.91062164,58.55908585,162.6738739,39.55673218
8/9/2018,50.75008774,41.39077377,62.82787704,93.33184052,101.4526443,126.5617828,39.83723831,58.66247559,162.5787811,39.5018959
8/10/2018,50.79648972,40.50912476,61.57315826,92.27354431,101.5926361,124.8797913,39.08506775,58.84105682,161.9226685,38.71587753
8/13/2018,50.79648972,39.84319305,61.35174179,91.8658371,101.583313,123.5361023,38.89244461,58.84105682,161.9226685,38.09437561
8/14/2018,50.80578232,40.08705521,61.34251785,92.46438599,101.5739899,124.4193878,38.94747925,58.7940712,162.8164978,38.32286835
8/15/2018,50.78722763,38.9333992,60.4568367,92.27354431,101.7139969,122.4085236,38.35124969,58.90685654,162.3220673,37.19868088
8/16/2018,50.81505966,39.17725754,60.88121796,92.46438599,101.7139969,123.2730026,38.61725235,58.85044861,163.8244171,37.46373749
8/17/2018,50.81505966,39.58995056,61.24102783,92.83739471,101.7046509,124.1562958,38.87409592,58.8598671,164.4425049,37.78362656
8/20/2018,50.84291458,39.76816177,61.57315826,92.71595001,101.769989,124.8986053,39.03920364,59.01966476,165.1366272,37.94813538
8/21/2018,50.86146927,40.2746315,61.95141602,92.97618103,101.6766281,125.6596909,39.29603577,58.94446182,165.1460876,38.35943222
8/22/2018,50.8521843,40.59353256,62.19129562,93.3839035,101.7886505,125.2556839,39.48867416,59.01966476,165.6120453,38.58792114
8/23/2018,50.88002777,39.93698883,61.74845886,92.92416382,101.7326584,124.1938705,39.19514084,59.01024628,165.412384,37.98469925
8/24/2018,50.80578232,40.677948,62.10825348,93.16703033,101.7512894,125.753685,39.48867416,59.01024628,166.1444855,38.55136108
8/27/2018,50.75937653,41.25946045,62.93858337,93.28850555,101.7139969,127.454483,40.02986145,58.93505478,167.0003052,39.18199921
8/28/2018,50.75937653,41.10939407,62.88322449,93.11496735,101.6393127,127.0316162,39.93813324,58.82226181,167.2380066,38.99006653
8/29/2018,50.73152542,41.36263275,63.22458267,92.83739471,101.667305,127.8397141,40.15828323,58.8128624,168.3600769,39.20941925
8/30/2018,50.76865387,40.28401566,62.62490463,92.32557678,101.667305,126.4396362,39.80053711,58.89745331,168.2744598,38.16749191
8/31/2018,50.78722763,40.49036026,62.1267128,92.03931427,101.6486435,126.1389542,39.55287933,58.91626358,168.3600769,38.42341232
9/4/2018,50.80672836,39.7025032,61.60083771,91.75708008,101.4887009,125.199295,39.15845108,58.84751511,167.2380066,37.5642662
9/5/2018,50.78814697,39.13036728,61.03806686,91.81809235,101.5167542,125.9979858,38.86492157,58.86635971,167.4376678,37.16212463
9/6/2018,50.83459854,39.16788101,60.85354614,92.22747803,101.5261383,126.0919342,38.72732544,58.94167328,167.2570496,37.14384079
9/7/2018,50.81600952,38.97091675,60.36458206,91.98352814,101.2174606,125.3214493,38.41545868,58.74393082,167.48526,36.97932816
9/10/2018,50.82530212,38.58636093,60.73361206,91.80935669,101.2361832,125.4154282,38.62643051,58.73449326,166.9337616,36.5406189
9/11/2018,50.78814697,38.67078018,60.78896713,91.63513947,101.1332779,125.4060364,38.68146515,58.62149048,167.0858765,36.58632278
9/12/2018,50.80672836,38.86774063,61.04728699,91.93130493,101.1800613,125.565773,38.84658051,58.65916824,167.7704926,36.81481171
9/13/2018,50.76028061,39.3929863,61.49935913,92.82850647,101.1987839,126.0261765,39.09423447,58.65916824,169.4915771,37.28093719
9/14/2018,50.74169922,39.35546494,61.59161377,92.93301392,101.0678177,126.1577148,39.17679596,58.54616165,169.0827026,37.23523712
9/17/2018,50.76028061,38.99905396,61.64697266,92.64559937,101.0397415,126.5524063,39.21348572,58.59326172,168.0747986,36.9427681
9/18/2018,50.75099182,39.37422562,62.29277802,92.35813904,100.908783,126.7591324,39.61708832,58.4331665,169.0922089,37.23523712
9/19/2018,50.70454025,39.91822815,62.5141983,92.68912506,100.7872162,127.8585129,39.75468063,58.38607788,168.8735046,37.73792648
9/20/2018,50.71382904,40.35905075,63.28916931,93.21178436,100.8433609,129.1458282,40.18580246,58.40491104,170.3948669,38.04867935
9/21/2018,50.72311401,40.54663849,63.31684494,93.41209412,100.8620682,128.6478271,40.19496918,58.41431427,170.3378143,38.20405197
9/24/2018,50.63021851,40.08705521,63.03084946,93.31627655,100.796608,127.1539459,40.02069473,58.39548874,170.9178314,37.72878265
9/25/2018,50.59305573,40.24650192,63.34453201,93.38597107,100.7311249,126.5876846,40.21331406,58.33898544,170.5934753,37.96641922
9/26/2018,50.68595505,40.33091354,63.37220001,93.81278992,100.8807755,125.3986664,40.22989273,58.45199203,170.7842865,38.03575516
9/27/2018,50.69525146,40.52787399,63.24303818,94.14379883,101.0210571,124.3228531,40.11941528,58.45199203,171.5379028,38.146698
9/28/2018,50.6673851,40.25587845,62.72638321,93.90860748,100.9555817,123.7283325,39.83403015,58.47082138,172.100708,37.90632248
10/1/2018,50.57440567,40.2652626,62.8001976,93.90860748,100.9246674,124.6720123,39.9352951,58.42176819,172.558609,37.99877548
10/2/2018,50.63948059,39.75877762,62.47729492,94.00482941,101.0277634,124.9362564,39.67752838,58.48780823,172.072113,37.59197235
10/3/2018,50.50000381,39.43050385,62.36658096,93.51499176,100.6059494,124.3228531,39.61309433,58.26137161,171.8336182,37.27762604
10/4/2018,50.41631699,38.44567871,61.6377449,92.85896301,100.4653549,123.5584412,39.10676193,58.16701508,169.7731018,36.42704773
10/5/2018,50.33263016,38.30498886,61.26872253,92.57905579,100.3997269,122.5015106,38.91344452,58.10097504,169.5346069,36.26063538
10/8/2018,50.36981964,38.3612709,60.97348404,92.5528183,100.3435135,122.5109558,38.70170593,58.11984253,169.0862579,36.32535172
10/9/2018,50.36053085,38.22057343,60.81663895,92.58781433,100.2404022,118.5096359,38.56360626,58.16701508,169.2388763,36.2328949
10/10/2018,50.34191895,37.08568573,59.52502823,92.20293427,100.2029037,115.404892,37.68905258,58.20475769,165.2323608,35.22513962
10/11/2018,50.4070282,36.71051025,58.69469833,92.34287262,100.3059998,113.8572388,37.16431427,58.32741547,161.0254211,34.9107933
10/12/2018,50.43489838,37.78913116,58.90689468,92.5528183,100.1935196,114.2252655,37.34843445,58.30854034,163.486618,35.79836273
10/15/2018,50.45351028,37.38581848,58.76851654,92.5703125,100.2497482,113.9232788,37.28399277,58.32741547,162.1988068,35.4470253
10/16/2018,50.51860428,38.32374954,59.77412415,92.92019653,100.2966309,115.9427948,37.92841339,58.30854034,167.2451324,36.26063538
10/17/2018,50.55579758,37.8547821,59.43276978,92.70150757,100.1372833,115.0557251,37.69825363,58.20475769,167.9320068,35.82609558
10/18/2018,50.57440567,36.86057663,58.47328568,92.35163116,100.3341141,113.7156677,37.09987259,58.29911041,165.9859619,34.89230347
10/19/2018,50.58369446,37.20760727,58.80541992,92.24666595,100.2778702,112.8002701,37.29319382,58.21420288,164.049469,35.21589661
10/22/2018,50.59299469,37.61091995,58.54709244,92.15044403,100.2872467,112.0264435,37.11828232,58.24251556,162.8188629,35.58572006
10/23/2018,50.62088394,37.19823837,57.99354172,92.17670441,101.3745804,110.6297684,36.74084473,58.37459183,162.0270691,35.23439026
10/24/2018,50.69527435,35.99768448,56.35134888,91.81806946,100.5965881,106.6379242,35.72818756,58.59158325,156.2653198,34.20814133
10/25/2018,50.7510643,36.69174957,57.06173325,92.10670471,100.5590744,108.4026566,36.12405014,58.47838974,158.4307404,34.85532379
10/26/2018,50.85334778,36.26968384,56.67424774,92.22917175,100.6059494,107.4023285,35.82024384,58.67651749,156.7804108,34.58720016
10/29/2018,50.85334778,35.6412735,56.51740265,91.83555603,100.6715775,106.9776688,35.67294693,58.65764236,156.6850128,33.91228867
10/30/2018,50.78826523,36.33534241,57.20012283,91.93175507,100.5590744,109.1859131,36.11483765,58.56328964,158.5356293,34.60569763
10/31/2018,50.70457077,36.72926712,57.62451172,91.54689026,100.3903809,110.4221649,36.40942383,58.45006561,158.8600159,35.00324631
11/1/2018,50.74552536,38.04237747,58.36257172,91.98706818,100.3593826,113.8100357,36.888134,58.52758789,161.6264191,36.26063538
11/2/2018,50.69898605,38.28623199,58.44560623,91.88163757,100.1526718,113.9232788,36.98939514,58.31959915,160.6248169,36.39006424
11/5/2018,50.70828247,38.38940048,58.44560623,92.10129547,100.1244965,114.1875229,36.9709816,58.35741806,161.817215,36.55648804
11/6/2018,50.71759033,38.32374954,58.68548203,91.98706818,99.98356628,115.5370026,37.16431427,58.29124451,162.4563751,36.41780472
11/7/2018,50.69898605,39.04594803,59.46966934,92.20671844,100.2748184,117.7263794,37.6246109,58.27235031,167.1497498,37.06499481
11/8/2018,50.63383102,38.03299332,58.88844681,91.86407471,100.2560196,117.0280533,37.24716949,58.20617294,167.1783752,36.16818237
11/9/2018,50.73620987,37.32954788,58.50096512,91.90799713,100.4345322,115.1878357,36.98019409,58.3763237,166.1290283,35.54873276
11/12/2018,50.73620987,36.80431366,57.54147339,91.57415009,100.5378647,113.4514236,36.34498596,58.52758789,163.4675293,35.0772171
11/13/2018,50.73620987,37.22636795,57.79057312,91.4598999,100.5472565,113.2532654,36.48307419,58.52758789,162.3800354,35.49326324
11/14/2018,50.76414871,37.45147705,57.83670425,91.63564301,100.6788254,113.1966476,36.51989746,58.63158417,160.8060608,35.77062607
11/15/2018,50.77344131,38.28623199,58.02121735,91.25785065,100.7445755,114.9330292,36.63957596,58.66939545,162.6376038,36.47327805
11/16/2018,50.75482559,38.3612709,58.08579636,91.39841461,100.866684,115.678566,36.67639923,58.80174255,164.1925354,36.60271835
11/19/2018,50.76414871,37.84540176,57.57837677,91.07334137,100.8761063,113.932724,36.37260056,58.85847092,161.6836548,36.14968109
11/20/2018,50.80137253,37.02940369,56.5819931,90.33535004,100.9982376,111.7527695,35.70056915,58.83956909,160.0237885,35.39156342
11/21/2018,50.81068802,37.71409607,57.37541199,90.7482605,100.9794693,112.8946533,36.22530746,58.82066727,159.6326904,36.05723572
11/23/2018,50.86651611,37.27326584,56.99714661,90.43199158,101.0733948,111.7527695,35.98596191,58.84901047,159.8997803,35.67817307
11/26/2018,50.88513184,37.73284912,57.85514832,90.56375885,101.03582,112.8191605,36.47386932,58.83956909,161.6741486,35.92779541
11/27/2018,50.9316864,37.99546814,57.63373566,89.93120575,101.0827942,111.2620544,36.36339188,58.85847092,162.8569946,36.1866684
11/28/2018,50.90375519,38.90526199,58.45483017,91.05578613,101.1955261,113.2249451,36.89735031,58.89627838,167.0161896,36.9910202
11/29/2018,50.94097519,38.56761169,58.15960693,90.89761353,101.2894974,113.6779251,36.72243881,58.98138046,167.5313263,36.74140167
11/30/2018,50.96891403,38.53009415,57.91051102,91.0996933,101.5055695,114.2347031,36.59354782,59.01918411,169.2293396,36.69517136
12/3/2018,51.07325745,39.30857086,58.67625809,91.73859406,101.5536118,116.0654755,37.08145905,59.07411575,170.3740997,37.42555618
12/4/2018,51.17573547,38.47381592,57.15399551,91.47384644,101.9113541,112.1302567,36.14245605,59.23513412,166.0431824,36.73214722
12/6/2018,51.19437408,38.11740112,56.61889648,91.74742126,102.0996933,110.6392212,35.80183792,59.33932114,165.4326477,36.43629456
12/7/2018,51.22231674,37.40457916,56.04689407,91.83565521,102.2597427,107.911911,35.42439651,59.47193527,161.244873,35.70590591
12/10/2018,51.26890564,37.01064682,55.61327362,91.83565521,102.222084,107.8553085,35.12060928,59.50980759,161.8363037,35.28985977
12/11/2018,51.29685211,37.29202271,55.7885704,91.89743042,102.1184998,107.3929062,35.15742493,59.38667679,162.3132629,35.65042877
12/12/2018,51.21300507,37.90167999,56.60966492,92.06507111,102.0526199,108.4026566,35.70978165,59.29196548,163.7632599,36.1866684
12/13/2018,51.20367813,37.89229965,56.50818634,92.32980347,102.062027,107.179512,35.64533234,59.31091309,163.4051819,36.24213791
12/14/2018,51.27822876,37.35768127,55.77934265,92.34746552,102.033783,106.3159866,35.15742493,59.43403244,158.2158966,35.78911591
12/17/2018,51.3248024,37.01064682,55.33650589,92.47102356,102.080864,104.3991852,34.85363007,59.55715561,154.730835,35.40080643
12/18/2018,51.41796112,37.26198196,55.38126755,92.56928253,102.2601089,105.0634308,34.89045334,59.6329422,153.4670258,35.62269211
12/19/2018,51.50180817,36.64317322,54.84973526,92.44420624,102.4865265,103.6116028,34.51300812,59.75606537,151.1787415,35.0309906
12/20/2018,51.52977753,36.92877197,54.62593842,92.27446747,102.5148315,102.3685226,34.38412857,59.68029404,149.0245209,35.29910278
12/21/2018,51.3248024,36.67172623,53.67478561,91.97959137,102.5525894,101.2772827,33.71209335,59.7276535,146.4777679,35.01249695
12/24/2018,51.46166992,36.32900238,53.05000687,91.93496704,102.7223892,98.73419952,33.34367752,59.89563751,143.2799377,34.74160385
12/26/2018,51.41415787,37.05253601,54.28090668,92.06894684,102.4865265,103.0991821,34.19028854,59.66786957,149.9149628,35.35600662
12/27/2018,51.44267273,37.0049324,54.43944168,92.45315552,102.703537,104.8451767,34.21820068,59.85766983,151.3128052,35.2815361
12/28/2018,51.48069763,37.35718536,54.728508,92.51570129,102.779007,104.2283936,34.44149017,60.07595444,151.5138702,35.53287125
12/31/2018,51.56623459,37.18581772,54.81243515,92.83732605,102.8733368,105.1678009,34.5159111,60.23730087,153.7638397,35.4677124
